head_nod,head_pan,left_e0,left_e1,left_s0,left_s1,left_w0,left_w1,left_w2,right_e0,right_e1,right_s0,right_s1,right_w0,right_w1,right_w2,torso_t0
0.0,-0.06941,-2.84438,0.38388,0.36585,-1.12748,-3.03728,-0.05177,-3.05914,2.81792,2.09503,-0.99594,0.71599,-2.24383,-0.56796,-1.68316,-12.56599
0.0,-0.06941,-2.93182,2.24076,0.86248,0.66805,-3.0507,0.04985,-3.05914,2.81792,2.0958,-0.99517,0.71637,-2.24345,-0.56796,-1.68278,-12.56599
0.0,-0.06903,-2.95867,0.30565,0.87859,0.26231,-3.05032,-0.58176,-3.06068,2.81869,2.0958,-0.99517,0.71675,-2.24345,-0.56757,-1.68316,-12.56599
0.0,-0.06903,-2.95905,1.61988,0.90198,0.34668,-3.05109,0.1883,-3.06068,2.81831,2.09503,-0.99555,0.71637,-2.24306,-0.56757,-1.68316,-12.56599
0.0,-0.06941,-2.95598,1.6195,0.90198,0.34975,-3.05032,0.18868,-3.05837,3.02885,1.64174,-0.78732,0.58023,-2.6442,-0.26308,-0.27688,-12.56599
0.0,-0.06941,-2.95636,1.6195,0.90198,0.34898,-3.04764,0.18791,-3.05876,1.48643,1.59534,-0.7785,0.02915,-3.0461,0.02608,-0.28916,-12.56599
0.0,-0.06903,-1.51902,1.54203,0.76085,-0.02761,-3.05032,-0.14534,-2.97822,1.49333,1.59496,-0.77581,0.02493,-3.04649,0.02569,-0.28839,-12.56599
0.0,-0.07018,-1.57847,0.57294,0.05944,0.51388,-3.04955,-0.33594,-3.03153,1.49371,1.59534,-0.77581,0.02416,-3.04687,0.02608,-0.28839,-12.56599
0.0,-0.06941,-1.58038,0.57294,0.05944,0.5158,-3.04955,-0.33671,-3.03153,1.57195,0.03336,0.65654,-0.0441,-3.04649,-0.03221,-0.23662,-12.56599
0.0,-0.06903,-1.64213,0.13077,-0.79307,0.0813,-3.00699,0.03988,-3.03076,1.57118,0.0326,0.65693,-0.04449,-3.0461,-0.028,-0.237,-12.56599
0.0,-0.06941,-1.64059,0.12924,-0.79307,0.08245,-3.00468,0.04142,-3.03115,1.57693,-0.0303,0.66153,0.64734,-3.01619,0.00383,-0.00345,-12.56599
0.0,-0.06903,-1.60339,0.04487,-0.78655,0.63162,-3.00967,-0.08015,-3.03153,1.57578,-0.03068,0.6623,0.64082,-3.01619,0.0069,-0.00268,-12.56599
0.0,-0.0698,-1.59917,0.04487,-0.78463,0.65386,-3.00814,-0.07593,-3.03191,1.50253,0.1883,-0.61513,0.67457,-3.0461,-0.22166,-0.0767,-12.56599
0.0,-0.06903,-1.40628,-0.01649,-0.63468,1.04081,-2.97976,-0.33901,-3.05991,1.50215,0.18753,-0.61129,0.67303,-3.04572,-0.22243,-0.07747,-12.56599
0.0,-0.06941,-1.40513,-0.01572,-0.63392,1.04771,-2.98014,-0.33863,-3.05914,1.52363,0.17948,0.12962,0.08245,-3.04649,-0.02454,-0.10239,-12.56599
0.0,-0.0698,-1.40513,-0.01457,-0.63315,1.04733,-2.97976,-0.33824,-3.05876,1.51826,0.47899,-0.48474,0.0092,-3.0461,-0.09587,-0.09894,-12.56599
0.0,-0.06941,-1.40474,-0.01572,-0.63353,1.04694,-2.98014,-0.33863,-3.05876,1.05576,1.45997,-0.51849,0.00307,-3.04687,-0.02339,-0.37621,-12.56599
0.0,-0.06903,-1.40513,-0.01572,-0.63238,1.04617,-2.97976,-0.33863,-3.05914,1.24061,0.11313,0.8387,-0.74321,-2.23884,0.46403,-0.20172,-12.56599
0.0,-0.06903,-1.40436,-0.01534,-0.63238,1.04694,-2.98091,-0.33863,-3.05914,0.77428,-0.04947,0.39347,-0.2278,-3.04687,-0.18906,-0.06404,-12.56599
0.0,-0.06865,-1.64711,-0.051,0.78885,0.00499,-3.05032,-0.19865,-3.05914,0.92844,-0.051,-0.0303,0.24812,-3.0461,0.18561,-0.08092,-12.56599
0.0,-0.06903,-1.64788,-0.05024,0.78962,0.00345,-3.05032,-0.1998,-3.05952,1.52593,1.44578,-0.73133,0.01649,-3.0461,-0.19136,-0.33096,-12.56599
0.0,-0.06865,-1.64826,-0.05024,0.78847,0.00537,-3.04917,-0.1998,-3.05876,2.69252,2.39109,-0.88933,0.10776,-3.0461,-0.34054,-0.41801,-12.56599
0.0,-0.06788,-2.23654,1.25326,0.26116,0.02301,-3.04572,-0.84446,-3.05876,2.69022,2.39454,-0.88894,0.10623,-3.0461,-0.33978,-0.41801,-12.56599
0.0,-0.06865,-2.2584,0.35167,-1.46649,0.10738,-3.04994,0.22396,-3.05952,2.68984,2.39339,-0.88894,0.10584,-3.04649,-0.33978,-0.41763,-12.56599
0.0,-0.06903,-2.003,1.23677,-0.36585,0.77313,-3.05032,0.02339,-3.05914,2.6906,2.39378,-0.88933,0.10623,-3.04649,-0.34016,-0.41763,-12.56599
0.0,-0.06903,-2.00453,1.23677,-0.36547,0.77389,-3.04994,0.02339,-3.05876,1.29468,1.80741,-0.66997,0.44447,-3.04649,-0.08667,-0.67457,-12.56599
0.0,-0.06903,-1.56504,1.47339,-0.58291,0.45828,-2.76692,-0.1649,-2.93067,1.68124,1.68738,0.80572,-0.09587,-3.03767,0.34323,-0.20133,-12.56599
0.0,-0.06865,-1.55584,1.46534,-0.57908,0.46058,-2.76653,-0.16375,-2.93029,2.33012,1.53782,0.87782,-0.051,-3.04649,0.15723,-0.20402,-12.56599
0.0,-0.06865,-1.54012,1.43466,-0.55914,0.47093,-2.765,-0.15417,-2.93105,2.85052,0.38503,0.84944,0.13192,-3.01581,0.344,-0.06788,-12.56599
0.0,-0.06903,-1.53973,1.43159,-0.55722,0.47093,-2.765,-0.15455,-2.93067,3.05377,1.38634,0.81493,0.07708,-3.03997,-0.20402,-0.15685,-12.56599
0.0,-0.06903,-2.34085,1.05883,-0.8598,0.23853,-2.96634,-0.20133,-3.05952,3.04687,1.40743,0.80227,0.04027,-3.0392,-0.19558,-0.15532,-12.56599
0.0,-0.06865,-2.45897,0.24889,-1.08299,-0.1116,-3.02885,0.15915,-0.24544,2.99548,0.33249,0.64389,0.03068,-3.0369,-0.13537,0.04909,-12.56599
0.0,-0.06865,-2.4582,0.24966,-1.08107,-0.11006,-3.02501,0.15762,-0.24314,2.85397,1.08222,0.45061,1.05154,-3.04495,-0.17756,-0.05522,-12.56599
0.0,-0.06865,-2.21238,0.83564,-0.76124,0.40842,-3.03728,-0.13116,0.06519,2.85205,1.08069,0.44984,1.03505,-3.04572,-0.17986,-0.05484,-12.56599
0.0,-0.06941,-1.60646,1.38864,0.3045,0.12924,-2.79261,-0.6343,-0.10278,1.76983,0.94263,0.06251,0.38158,-3.0461,-0.17756,-0.20057,-12.56599
0.0,-0.06903,-1.62295,-0.05062,-0.79307,-0.02033,-2.60393,-0.21322,-0.33364,1.81777,2.60355,0.10201,0.39692,-3.04649,0.0115,-0.18369,-12.56599
0.0,-0.06865,-1.62295,-0.04985,-0.7923,-0.01764,-2.60355,-0.21399,-0.33364,2.38304,1.88258,0.52232,-0.028,-2.84093,-0.01764,-0.11121,-12.56599
0.0,-0.06826,-1.62487,-0.04985,-0.79345,-0.01841,-2.60432,-0.21361,-0.33211,3.05492,1.34147,0.59403,-0.10316,-2.84132,-0.17871,-0.10009,-12.56599
0.0,-0.06903,-1.62372,-0.05024,-0.79345,-0.01726,-2.60393,-0.21437,-0.33249,2.92338,0.05139,0.65309,-0.01917,-2.96634,0.17641,-0.11888,-12.56599
0.0,-0.06865,-1.62372,-0.04985,-0.79192,-0.01802,-2.60393,-0.21399,-0.33326,2.12073,1.73762,0.80687,-0.04142,-2.91725,0.08744,-0.3858,-12.56599
0.0,-0.06865,-1.00936,1.02086,-1.03659,0.0721,-2.71208,-0.31063,-0.37199,2.12686,1.73685,0.80496,-0.04065,-2.91763,0.08705,-0.38465,-12.56599
0.0,-0.06903,-1.61528,1.1152,-0.13729,0.13806,-2.71476,-0.12118,-0.19673,2.12725,1.73685,0.80496,-0.04142,-2.91763,0.08667,-0.38503,-12.56599
0.0,-0.06865,-1.60224,1.106,-0.13116,0.15301,-2.71285,-0.12003,-0.19712,1.88296,0.86708,0.81569,-0.0069,-3.04457,-0.0349,-0.40919,-12.56599
0.0,-0.06865,-1.62985,1.79361,-0.20709,0.288,-2.90229,-0.58138,-0.26845,1.46457,2.61659,-0.20977,0.13921,-3.04649,-0.1162,-0.27957,-12.56599
0.0,-0.06865,-1.58575,0.76699,-0.58138,0.16107,-2.80335,-0.00997,-0.31753,1.4638,2.61812,-0.20977,0.13959,-3.0461,-0.11697,-0.27957,-12.56599
0.0,-0.06865,-1.56581,1.00476,-0.06519,0.18561,-2.76308,-0.75395,-0.14803,1.25518,1.17234,0.04218,0.09664,-3.04649,-0.40229,-0.26461,-12.56599
0.0,-0.06903,-1.52401,0.00499,-0.78808,-0.02224,-2.79223,-0.16682,-0.30373,1.35987,-0.04218,0.69758,-0.04487,-2.99433,0.07517,0.0721,-12.56599
0.0,-0.06903,-1.52401,0.00499,-0.78808,-0.02148,-2.79261,-0.16797,-0.30411,1.40513,0.03528,0.63238,-1.03505,-3.04495,-0.08705,-0.07325,-12.56599
0.0,-0.06865,-1.52363,0.00499,-0.7877,-0.02033,-2.79185,-0.16797,-0.30411,1.40436,1.39132,0.6435,-1.07417,-3.04649,0.06558,-0.08782,-12.56599
0.0,-0.06826,-1.65171,1.50215,-0.9434,0.12157,-2.62694,-0.14419,-0.44639,1.40589,1.38979,0.64235,-1.07264,-3.04572,0.0698,-0.08667,-12.56599
0.0,-0.06826,-1.74529,0.04564,-0.74897,0.94915,-2.88772,-0.21744,-0.24966,0.20364,-0.04142,0.8621,0.96334,-3.02923,-0.04218,-0.62088,-12.56599
0.0,-0.06903,-1.74337,0.0464,-0.7482,0.9457,-2.88657,-0.21322,-0.25081,0.91847,-0.051,0.53076,1.00552,-3.03268,-0.31638,-0.38733,-12.56599
0.0,-0.06865,-1.58537,1.59457,0.71944,1.04848,-3.04994,-0.10815,-0.48781,1.44693,1.82812,-0.9434,1.04771,-3.01504,0.02416,0.22358,-12.56599
0.0,-0.06865,-1.58575,1.59381,0.71982,1.04694,-3.0507,-0.10853,-0.48704,1.58038,1.56734,-0.73746,0.00268,-3.04534,0.09664,-0.33863,-12.56599
0.0,-0.06903,-1.58499,1.59726,0.71867,1.04733,-3.04994,-0.10891,-0.48742,1.47531,1.60761,-0.83564,1.06151,-2.80757,0.1139,-0.02876,-12.56599
0.0,-0.06826,-1.58537,1.59457,0.71944,1.04694,-3.0507,-0.10853,-0.48781,3.05531,1.31539,0.56604,0.15838,-3.03997,-0.14266,-0.05407,-12.56599
0.0,-0.06865,-1.58537,1.59419,0.71829,1.04733,-3.0507,-0.10815,-0.48742,1.51366,1.48719,-0.92499,0.89278,-3.04649,-0.29874,-0.41954,-12.56599
0.0,-0.06903,-1.58614,1.59496,0.71867,1.04694,-3.05032,-0.10891,-0.48742,1.88488,2.56213,-0.66843,1.05768,-3.0461,0.01687,-0.06059,-12.56599
0.0,-0.06941,-1.58614,1.59572,0.71829,1.04694,-3.04994,-0.10853,-0.48627,2.39876,2.16905,-1.25173,0.91694,-3.03306,0.05906,0.03528,-12.56599
0.0,-0.06903,-1.58614,1.59496,0.71829,1.04771,-3.05147,-0.10815,-0.48781,2.89692,1.70042,-0.49394,0.36049,-3.04534,-0.18791,-0.13614,-12.56599
0.0,-0.06826,-1.58575,1.59457,0.71982,1.04694,-3.0507,-0.10891,-0.48781,2.90919,1.40666,-0.48819,-0.19712,-3.04534,0.11888,-0.10086,-12.56599
0.0,-0.06788,-1.38212,0.14304,0.81301,1.04272,-3.04994,-0.09357,-0.40766,0.1998,0.0418,-0.36509,1.05116,-3.04073,-0.33441,-0.28609,-12.56599
0.0,-0.06788,-2.47009,-0.04755,-0.13576,0.36931,-2.76538,-0.15723,-0.69221,0.20018,0.04218,-0.36547,1.05116,-3.03997,-0.33479,-0.28685,-12.56599
0.0,-0.06903,-2.46702,-0.04985,-0.13576,0.37314,-2.76308,-0.15723,-0.69067,2.92377,0.53459,0.05216,0.47247,-3.04342,0.04947,0.02761,-12.56599
0.0,-0.06865,-3.04495,-0.04985,-0.35282,0.03835,-3.05109,-0.00499,-0.08053,2.8532,-0.0441,0.07938,-0.22204,-2.90728,0.27228,-0.26538,-12.56599
0.0,-0.06826,-3.04188,-0.04832,-0.35205,0.04027,-3.0507,-0.00614,-0.08053,2.35121,1.44463,-0.84791,0.85404,-2.80297,-0.31677,-0.22281,-12.56599
0.0,-0.06826,-3.04188,-0.05024,-0.35205,0.03912,-3.05032,-0.00537,-0.08015,2.40413,1.97423,1.04848,0.79575,-3.04572,-0.22588,-0.02454,-12.56599
0.0,-0.06903,-2.99701,1.59496,-0.21591,0.43718,-3.05032,-0.22511,-0.1998,2.40451,1.97423,1.04848,0.79192,-3.04572,-0.22511,-0.02454,-12.56599
0.0,-0.06903,-3.0484,1.7821,-0.69067,0.64926,-3.04955,-0.5043,-0.14573,2.7535,2.02332,0.80381,0.86977,-3.03958,-0.37583,-0.03643,-12.56599
0.0,-0.06826,-3.0484,1.77903,-0.69029,0.64811,-3.05032,-0.50276,-0.14534,2.66107,0.31638,0.91042,0.03336,-3.0461,-0.21092,-0.15033,-12.56599
0.0,-0.06941,-3.0484,1.78095,-0.68837,0.64887,-3.05032,-0.50391,-0.14458,2.78686,2.13492,0.71023,0.65539,-3.0461,-0.07632,-0.11351,-12.56599
0.0,-0.06903,-3.03,-0.00575,-0.7505,-0.21207,-3.04994,-0.2857,-0.17717,2.78801,2.13377,0.711,0.64581,-3.04572,-0.07593,-0.11313,-12.56599
0.0,-0.06865,-3.04188,1.76063,-1.18423,0.51503,-3.04764,-0.40535,-0.00882,3.04572,2.26799,0.29567,0.64504,-2.91495,0.03873,0.01074,-12.56599
0.0,-0.06865,-3.03421,1.7844,-0.77466,0.49049,-3.05032,-0.48934,-0.02493,3.04227,1.98535,1.05615,0.56297,-3.04572,-0.1672,0.01649,-12.56599
0.0,-0.06903,-3.03383,1.7844,-0.77389,0.49241,-3.04994,-0.48934,-0.02301,1.37905,0.11888,0.869,-0.22358,-3.04649,-0.25886,-0.76085,-12.56599
0.0,-0.06865,-3.0346,1.78555,-0.77351,0.49087,-3.05032,-0.48972,-0.02339,0.80266,0.02071,1.01204,-0.423,-3.04188,0.03682,-0.19597,-12.56599
0.0,-0.06865,-3.03421,1.78479,-0.77428,0.49202,-3.05032,-0.48934,-0.02301,2.1376,0.78617,0.32444,0.95145,-3.04572,-0.97638,-0.01802,-12.56599
0.0,-0.06941,-3.03421,1.78555,-0.77428,0.49241,-3.04994,-0.48934,-0.02339,2.40298,0.90083,0.59557,0.6807,-3.03805,-0.64964,0.00652,-12.56599
0.0,-0.06903,-3.03421,1.78479,-0.77466,0.49087,-3.05032,-0.48934,-0.02339,2.7209,1.13515,0.80189,0.36317,-3.03651,-0.43987,0.051,-12.56599
0.0,-0.06865,-3.0346,1.78479,-0.77389,0.49164,-3.0507,-0.48896,-0.02301,2.89807,0.75625,1.00783,-0.00997,-3.04534,-0.62165,-0.03375,-12.56599
0.0,-0.06865,-3.0346,1.7844,-0.77428,0.49164,-3.04994,-0.49011,-0.02339,2.9951,0.68109,1.03352,-0.29913,-3.04495,-0.41954,-0.11313,-12.56599
0.0,-0.06903,-3.0346,1.78479,-0.77466,0.49126,-3.05032,-0.48972,-0.02378,3.05569,0.33594,0.92307,-0.81224,-3.04534,-0.29184,-0.13844,-12.56599
0.0,-0.06941,-3.03421,1.7844,-0.77389,0.49126,-3.05109,-0.48934,-0.02263,2.78609,1.62142,0.79805,0.36125,-3.04572,-0.30219,-0.08859,-12.56599
0.0,-0.06865,-2.39569,0.69681,-0.5856,0.05522,-3.05032,-0.0395,0.04333,2.78724,1.62257,0.79844,0.35358,-3.04534,-0.29683,-0.08744,-12.56599
0.0,-0.06865,-1.81048,1.16161,-0.54533,0.02263,-2.95023,-0.08092,0.10048,2.78724,1.62065,0.79844,0.3532,-3.0461,-0.30104,-0.08705,-12.56599
0.0,-0.06903,-1.2989,1.13476,-0.63929,0.21169,-3.04073,0.01304,0.06826,2.78763,1.6218,0.79882,0.3532,-3.0461,-0.29951,-0.08744,-12.56599
0.0,-0.06865,-1.58384,-0.02569,-0.70678,0.12502,-3.05032,-0.07632,-0.07133,2.78686,1.6218,0.79805,0.3532,-3.0461,-0.29798,-0.08744,-12.56599
0.0,-0.0698,-1.83272,1.04886,0.26461,0.3206,-2.97439,-0.52155,-3.05837,0.94455,0.75203,-0.64197,0.47323,-0.53498,0.26039,3.03767,-12.56599
0.0,-0.06941,-1.83311,1.04924,0.26538,0.32099,-2.97362,-0.52117,-3.05914,1.16007,1.07225,-0.52462,0.23547,-0.49931,0.18024,3.03651,-12.56599
0.0,-0.06941,-1.83234,1.04848,0.265,0.32022,-2.97439,-0.52194,-3.05914,1.49832,1.36064,-0.54418,0.0905,-0.24889,-0.21284,3.03153,-12.56599
0.0,-0.06903,-1.83272,1.04848,0.265,0.3206,-2.97439,-0.52117,-3.05914,1.8473,0.67802,-0.70678,-0.26768,0.30986,0.48972,3.0369,-12.56599
0.0,-0.06903,-1.83771,1.17158,-0.36931,0.15148,-2.96787,-0.05944,-3.05991,1.84845,0.67764,-0.70678,-0.26921,0.31447,0.49126,3.03651,-12.56599
0.0,-0.06941,-1.8055,0.48435,-1.1758,0.08399,-3.04994,-0.15953,-2.97362,1.84845,0.6761,-0.7064,-0.27036,0.31293,0.49126,3.0369,-12.56599
0.0,-0.06941,-1.78364,0.37429,-1.47876,0.05906,-3.04994,-0.01381,-3.05991,1.84845,0.67802,-0.70717,-0.2696,0.31293,0.48819,3.03651,-12.56599
0.0,-0.0698,-1.78402,0.17717,-1.02777,0.04218,-3.04994,-0.20709,-3.06029,1.84768,0.67725,-0.70717,-0.26921,0.31293,0.49049,3.03575,-12.56599
0.0,-0.06941,-1.78555,0.08552,-0.2393,-0.00729,-3.0507,-0.12847,-3.05684,1.84883,0.67572,-0.70755,-0.26921,0.31293,0.49049,3.03536,-12.56599
0.0,-0.0698,-1.77443,0.56872,0.6761,-0.06251,-3.0507,-0.00153,-3.05952,1.84845,0.67534,-0.70755,-0.2696,0.31332,0.49126,3.03613,-12.56599
0.0,-0.0698,-1.7729,0.56834,0.67534,-0.06251,-3.05032,-0.00192,-3.05876,1.49103,0.66383,0.52079,-0.30066,-0.05944,-0.45598,2.96058,-12.56599
0.0,-0.06903,-1.77175,0.56834,0.67495,-0.06328,-3.05032,-0.00115,-3.05837,1.50484,0.31792,1.24598,-0.19712,-0.02991,-0.13921,2.90383,-12.56599
0.0,-0.06941,-1.77175,0.56911,0.67534,-0.06289,-3.05032,-0.00153,-3.05914,1.55967,0.40574,1.5033,-0.11006,-0.07095,-0.02186,2.94102,-12.56599
0.0,-0.06941,-1.77328,0.56872,0.67534,-0.06289,-3.05032,-0.00077,-3.05952,1.52631,0.22473,1.36064,0.43258,-0.11812,-0.14304,2.50806,-12.56599
0.0,-0.0698,-1.71883,0.47323,0.56412,0.53344,-3.00699,-0.02186,-2.93029,1.52631,0.22665,1.36141,0.43067,-0.11812,-0.14189,2.50959,-12.56599
0.0,-0.0698,-1.71959,0.474,0.56412,0.53766,-3.0043,-0.02224,-2.93029,1.49601,0.47668,0.82567,0.55185,-0.14534,-0.25349,2.4977,-12.56599
0.0,-0.06941,-1.71729,0.47362,0.56412,0.53728,-3.00468,-0.02109,-2.92952,1.38672,0.57678,0.33249,0.48627,-0.26921,0.16068,2.91955,-12.56599
0.0,-0.0698,-1.71767,0.47477,0.56374,0.53689,-3.0043,-0.02263,-2.93029,1.3476,0.32444,-0.29721,0.49663,-0.39807,0.02109,3.02463,-12.56599
0.0,-0.06941,-1.71806,0.47362,0.56489,0.53728,-3.00468,-0.02186,-2.93067,1.31079,0.58636,-1.08261,0.96679,-1.19804,0.13461,3.03191,-12.56599
0.0,-0.06941,-1.71806,0.47285,0.56412,0.53689,-3.00507,-0.02263,-2.92952,1.45306,0.1952,-1.69505,0.67917,-1.80665,0.15608,3.03651,-12.56599
0.0,-0.06941,-1.40628,0.34515,1.7031,0.61628,-3.05032,0.07632,-3.00545,1.45421,0.19597,-1.69505,0.67764,-1.80473,0.15608,3.03613,-12.56599
0.0,-0.0698,-1.57425,0.5622,1.68278,-0.06596,-3.03536,-0.0721,-2.99356,1.45345,0.19635,-1.69351,0.6784,-1.8055,0.15647,3.03651,-12.56599
0.0,-0.06941,-1.57425,0.56182,1.68278,-0.06711,-3.03498,-0.07133,-2.9928,1.80396,1.11789,-1.2617,0.18868,-0.92231,1.04464,3.03498,-12.56599
0.0,-0.0698,-1.75794,0.2439,0.72059,-0.54571,-2.95023,-0.07171,-2.68907,1.80128,1.11712,-1.26285,0.18791,-0.92269,1.04387,3.0346,-12.56599
0.0,-0.06903,-1.75679,0.2462,0.72059,-0.54686,-2.94869,-0.07133,-2.68792,2.45322,1.31385,-1.03697,0.01726,-0.30104,0.66767,3.0323,-12.56599
0.0,-0.06941,-1.75679,0.24275,0.72174,-0.54686,-2.94908,-0.07095,-2.6883,1.94662,0.87705,-0.26845,-0.3137,-1.00898,0.107,2.96135,-12.56599
0.0,-0.06941,-1.75794,0.24544,0.72059,-0.54648,-2.94908,-0.07056,-2.68792,1.96119,0.20402,0.81608,-0.34591,-1.44769,0.05024,2.81639,-12.56599
0.0,-0.06941,-1.82966,-0.05024,0.10508,0.16145,-3.0507,-1.09871,-3.05607,1.96119,0.20325,0.81493,-0.35243,-1.44463,0.04525,2.81716,-12.56599
0.0,-0.06941,-1.5685,0.69259,-0.38388,0.6669,-3.03805,-0.59672,-3.05837,1.96234,0.20325,0.81531,-0.3532,-1.44539,0.04564,2.81716,-12.56599
0.0,-0.0698,-1.8055,0.99057,-1.13208,0.78271,-2.89309,-0.29107,-2.78341,1.96119,0.20325,0.81493,-0.35205,-1.44463,0.04487,2.81677,-12.56599
0.0,-0.0698,-1.80588,0.99172,-1.13169,0.7808,-2.89385,-0.29146,-2.78418,1.88718,0.92537,1.19881,-0.21667,-1.29468,0.22319,3.03767,-12.56599
0.0,-0.0698,-1.8055,0.9898,-1.13246,0.78233,-2.89385,-0.29107,-2.78379,1.84116,0.83257,0.37199,-0.209,-1.54357,0.07286,3.02731,-12.56599
0.0,-0.0698,-1.92016,0.80342,-0.53843,0.4345,-2.6488,-0.71944,-3.05952,1.84231,0.83218,0.37199,-0.20862,-1.54395,0.06865,3.02731,-12.56599
0.0,-0.06941,-1.92246,0.80266,-0.53766,0.43297,-2.64918,-0.72097,-3.05799,1.7403,1.14703,-0.20632,-0.05139,-1.75794,-0.10508,3.02386,-12.56599
0.0,-0.06903,-1.92246,0.80304,-0.53766,0.43297,-2.64918,-0.71982,-3.05876,1.48796,1.34799,-0.79882,0.21974,-2.42254,-0.09012,3.03805,-12.56599
0.0,-0.06941,-2.01718,0.96602,-0.65271,0.43718,-2.44095,-0.46326,-3.06106,1.48489,1.34799,-0.79959,0.22051,-2.42254,-0.09012,3.03805,-12.56599
0.0,-0.06941,-2.03636,0.97178,-0.60746,0.4253,-2.44478,-0.46901,-3.05914,1.44424,0.64696,0.08207,0.09933,-3.04725,-0.97331,3.01466,-12.56599
0.0,-0.06941,-2.02907,0.95989,-0.59979,0.4345,-2.4421,-0.46863,-3.05876,1.63791,1.18768,0.13883,-0.11697,-2.70863,-0.81493,3.03728,-12.56599
0.0,-0.06941,-2.07778,1.13515,-0.70295,0.08974,-2.75963,-0.26615,-3.05876,1.24291,1.29967,0.2255,-0.0115,-3.04649,-0.51657,3.03805,-12.56599
0.0,-0.06865,-2.22542,1.27397,0.02339,0.27075,-3.01581,-1.29276,-3.05684,1.24252,1.29967,0.22703,-0.01227,-3.04725,-0.51657,3.03728,-12.56599
0.0,-0.06903,-2.22274,1.27435,0.02339,0.26921,-3.01581,-1.292,-3.05799,1.16122,0.97254,-0.237,-0.02186,-3.04764,-0.76891,3.03728,-12.56599
0.0,-0.06941,-2.22312,1.27474,0.02339,0.26845,-3.01696,-1.292,-3.05722,1.76408,0.55875,-0.23738,-0.14458,-2.79491,-0.72711,3.03805,-12.56599
0.0,-0.0698,-2.22351,1.27435,0.02339,0.2696,-3.01619,-1.29276,-3.05684,1.83579,0.92844,-0.5112,-0.3973,-2.66836,-0.55223,3.02654,-12.56599
0.0,-0.06941,-2.22427,1.27474,0.02263,0.26921,-3.01619,-1.29238,-3.05722,1.94892,0.85826,-0.84292,-0.58751,-2.44977,-0.72212,3.03728,-12.56599
0.0,-0.06903,-2.22389,1.27474,0.02301,0.26921,-3.01619,-1.29276,-3.05761,1.89868,1.54127,-0.45329,-0.35972,-3.04725,-0.2857,2.73854,-12.56599
0.0,-0.0698,-1.70885,1.2732,0.25848,0.46978,-2.42062,-0.85098,-3.05876,1.90099,1.5405,-0.45444,-0.3601,-3.04802,-0.28417,2.73816,-12.56599
0.0,-0.06941,-1.5474,0.79882,0.59557,1.04694,-1.71422,-0.49854,-3.04112,1.8983,1.54127,-0.45444,-0.36049,-3.04764,-0.28532,2.73892,-12.56599
0.0,-0.06941,-1.54894,0.79997,0.59403,1.04733,-1.71346,-0.49969,-3.04112,1.2709,1.29967,-0.90773,0.31562,-3.04725,-0.53383,2.79031,-12.56599
0.0,-0.06941,-1.54817,0.80035,0.59442,1.04694,-1.71346,-0.50046,-3.04073,0.51849,1.37636,-1.11635,0.20095,-2.92684,0.11927,3.0369,-12.56599
0.0,-0.0698,-0.80189,0.96104,0.89853,0.62165,-2.08123,-0.53728,-3.05914,0.51887,1.37675,-1.11482,0.19827,-2.92722,0.12042,3.03728,-12.56599
0.0,-0.06941,-0.26078,0.24582,0.64696,0.71867,-2.93105,-0.37467,-3.05837,0.51925,1.37483,-1.11405,0.19903,-2.92722,0.12003,3.03728,-12.56599
0.0,-0.06941,-0.26039,0.24697,0.64657,0.71829,-2.93144,-0.37544,-3.05991,0.01381,1.27282,-0.6738,-0.02416,-3.02386,-0.3114,3.02654,-12.56599
0.0,-0.0675,-0.26001,0.24659,0.64657,0.71829,-2.9322,-0.37621,-3.05914,0.33901,0.6995,-0.05139,-0.37314,-2.83019,-0.9365,3.03805,-12.56599
0.0,-0.06903,-0.53843,-0.01496,-0.11121,-0.14918,-3.05032,-0.20172,-3.05914,0.53574,0.09549,0.23317,-0.14189,-2.78648,-0.46326,3.03767,-12.56599
0.0,-0.06941,-0.53804,-0.01457,-0.11198,-0.14803,-3.04994,-0.2021,-3.05876,0.64005,-0.04947,0.4414,-0.43105,-2.68562,-0.42836,3.03728,-12.56599
0.0,-0.06903,-0.83295,-0.04947,-0.42836,-0.44102,-3.05109,-0.3555,-3.05876,0.64044,-0.05024,0.44179,-0.43182,-2.6837,-0.42951,3.03767,-12.56599
0.0,-0.06903,-1.30734,-0.05024,-0.44831,0.00729,-3.04917,-0.45214,-3.05914,0.64005,-0.051,0.44102,-0.43182,-2.68332,-0.42836,3.03767,-12.56599
0.0,-0.06941,-1.30849,-0.05062,-0.44869,0.00729,-3.04994,-0.45137,-3.05876,0.64734,-0.0487,0.11582,-0.16797,-2.15831,-0.90428,2.58054,-12.56599
0.0,-0.0698,-1.30887,-0.04985,-0.44754,0.00767,-3.04994,-0.45061,-3.05914,-0.24505,-0.05024,0.58291,0.35473,-3.04764,0.06634,3.00315,-12.56599
0.0,-0.06903,-1.25633,0.09817,-0.53421,0.24774,-3.05032,-0.35933,-3.06144,-0.24582,-0.05139,0.58291,0.35435,-3.04725,0.07095,3.00277,-12.56599
0.0,-0.06941,-1.24406,0.10086,-0.85328,0.29836,-3.05032,-0.23892,-3.05876,-0.24582,-0.05024,0.58176,0.35397,-3.04764,0.0698,3.00392,-12.56599
0.0,-0.06903,-1.24444,0.10201,-0.85251,0.29913,-3.04994,-0.23853,-3.05876,-0.34936,-0.04985,0.89239,0.29759,-3.04687,-0.10354,2.87967,-12.56599
0.0,-0.06941,-1.40896,0.17411,-0.60669,0.7459,-3.04955,-0.31178,-3.05952,-0.34975,-0.051,0.89278,0.29721,-3.04649,-0.10508,2.87928,-12.56599
0.0,-0.06941,-1.40973,0.17372,-0.60746,0.74628,-3.04764,-0.31063,-3.05876,-0.44025,-0.0487,0.56527,0.52616,-3.04725,-0.33172,2.77919,-12.56599
0.0,-0.06941,-1.4105,0.17334,-0.60669,0.7459,-3.0484,-0.3114,-3.05761,-0.52731,-0.04985,0.22166,0.39193,-3.04687,-0.25426,2.65609,-12.56599
0.0,-0.06903,-1.39477,0.04755,-0.32597,0.79729,-3.04994,-0.16529,-3.05991,-0.52692,-0.04947,0.22128,0.39193,-3.04725,-0.25311,2.65647,-12.56599
0.0,-0.06941,-1.18922,0.1534,0.12694,0.63852,-3.04994,-0.11275,-3.06029,-0.52654,-0.04947,0.22166,0.39078,-3.04687,-0.25349,2.6557,-12.56599
0.0,-0.06903,-1.18922,0.1534,0.12655,0.63852,-3.05032,-0.1139,-3.05876,-0.67265,-0.04985,-0.03336,0.51695,-3.04687,-0.00729,2.28793,-12.56599
0.0,-0.06903,-1.18845,0.1534,0.12694,0.63852,-3.04994,-0.1139,-3.05914,-1.05269,-0.05024,-0.40382,0.54456,-3.04687,0.58713,2.08353,-12.56599
0.0,-0.06941,-0.94723,0.07747,0.67955,0.65348,-3.04994,-0.25004,-3.05991,-1.05154,-0.05024,-0.40382,0.54495,-3.04725,0.58636,2.08315,-12.56599
0.0,-0.06903,-1.13668,0.24083,0.68492,0.18561,-3.05032,-0.73171,-3.05952,-1.05269,-0.04985,-0.40497,0.54495,-3.04764,0.58636,2.082,-12.56599
0.0,-0.06941,-1.13668,0.24275,0.68416,0.18638,-3.05032,-0.73171,-3.05876,-0.99977,-0.04947,0.14036,0.57754,-3.04725,0.43412,2.04288,-12.56599
0.0,-0.06865,-1.21836,0.21476,0.18676,0.25656,-3.04955,-0.35128,-3.05952,-0.99939,-0.04832,0.14036,0.57716,-3.04687,0.43412,2.04288,-12.56599
0.0,-0.06941,-1.24367,0.25311,-0.15608,0.42223,-3.05032,-0.22434,-3.05837,-0.99977,-0.05062,0.14074,0.57524,-3.04649,0.43373,2.04365,-12.56599
0.0,-0.06903,-1.24406,0.25387,-0.15647,0.42261,-3.0507,-0.22511,-3.05876,-1.06842,-0.05139,0.59327,0.43949,-3.04457,-0.09702,1.83541,-12.56599
0.0,-0.06903,-1.24444,0.25387,-0.15647,0.42184,-3.04994,-0.22434,-3.05876,-1.11751,-0.05062,0.87322,0.20172,-2.97784,-0.1557,1.93473,-12.56599
0.0,-0.06903,-1.24406,0.25272,-0.15608,0.42261,-3.05032,-0.22396,-3.05914,-1.13515,-0.05024,1.3453,0.423,-2.99817,-0.17564,2.19934,-12.56599
0.0,-0.06941,-1.4174,0.14803,-0.58138,0.23432,-3.0507,-0.30718,-3.06106,-1.1363,-0.04602,1.34032,0.42913,-2.99701,-0.17641,2.20088,-12.56599
0.0,-0.06903,-1.41586,0.14688,-0.581,0.23623,-3.04994,-0.3045,-3.05914,-1.82544,-0.04947,0.65271,0.49778,-3.04649,0.72941,2.477,-12.56599
0.0,-0.06903,-0.41801,-0.0487,-0.29606,-1.28739,-3.05109,-0.18715,-3.00277,0.27842,-0.0487,0.38426,-1.28624,-3.03421,-0.15033,-0.71138,-12.56599
0.0,-0.06865,-0.41763,-0.04832,-0.29606,-1.28624,-3.05109,-0.18638,-3.00238,1.01895,-0.04909,-0.28455,-1.08376,-3.01657,0.06289,-0.20172,-12.56599
0.0,-0.06865,0.13154,-0.0372,-0.60746,-0.17986,-0.32405,0.09434,-3.02156,-0.17794,-0.04947,0.7597,-0.21591,-3.04802,-0.19251,0.0303,-12.56599
0.0,-0.06865,0.12272,-0.04947,0.56489,-0.15762,-0.0487,0.03605,-3.002,-0.17794,-0.05024,0.75894,-0.21706,-3.04649,-0.19175,0.0303,-12.56599
0.0,-0.06903,0.051,0.03912,0.68722,1.03774,-0.1649,0.23201,-2.96173,-0.17871,-0.05024,0.75894,-0.21629,-3.04725,-0.19175,0.0303,-12.56599
0.0,-0.06865,0.05062,0.03873,0.68607,1.03352,-0.16567,0.2324,-2.9602,0.25771,0.1139,-0.72174,-0.38043,-0.28532,-1.22182,-0.03298,-12.56599
0.0,-0.06903,0.06443,0.29951,0.73861,0.96487,-0.19903,0.06903,-2.99471,0.06098,0.46595,-0.976,0.8993,-3.04687,-0.2347,-2.89194,-12.56599
0.0,-0.06826,-0.08399,0.29529,0.76661,0.31101,-0.24237,0.11006,-2.99011,0.05983,0.46556,-0.97638,0.89623,-3.04649,-0.23278,-2.8927,-12.56599
0.0,-0.06865,-1.55967,1.43274,0.75165,-0.04947,0.03298,0.09664,-3.06144,0.05906,0.46633,-0.976,0.89661,-3.04687,-0.23393,-2.89309,-12.56599
0.0,-0.06865,-1.41011,1.31079,0.67073,-1.02163,0.09856,0.31792,-3.02424,0.06174,0.46556,-0.97561,0.89623,-3.04687,-0.23432,-2.8927,-12.56599
0.0,-0.06865,-3.04495,0.89124,0.72481,-0.47323,-0.00614,0.24582,-2.59319,0.05983,0.4671,-0.976,0.89623,-3.04687,-0.23393,-2.89194,-12.56599
0.0,-0.06826,-3.03191,0.6228,-0.60285,0.446,-0.13729,-0.05369,-3.00929,0.06098,0.46518,-0.97676,0.89584,-3.04687,-0.23432,-2.89232,-12.56599
0.0,-0.06865,-3.03038,0.62701,-0.52309,1.02393,-0.19788,0.23547,-3.02424,0.05906,0.46671,-0.97561,0.89623,-3.04725,-0.23393,-2.89232,-12.56599
0.0,-0.06826,-3.02233,0.6251,-0.52232,1.01818,-0.19635,0.23968,-3.02539,0.59557,0.25311,0.40305,0.45981,-1.03199,-0.27918,-3.00047,-12.56599
0.0,-0.06826,-3.02233,0.62701,-0.52155,1.0178,-0.19558,0.23968,-3.02578,0.62663,0.52385,-1.06113,0.93765,-2.54756,-0.18408,-3.00277,-12.56599
0.0,-0.06826,-3.02309,0.62701,-0.52194,1.01741,-0.19635,0.23968,-3.02501,0.45252,1.33878,-0.91349,-0.28264,-2.54449,-0.24889,-2.54066,-12.56599
0.0,-0.06826,-3.02271,0.62548,-0.52232,1.01741,-0.19673,0.24045,-3.02463,0.42261,1.57923,-0.49931,-0.70908,-2.75426,-0.51964,-2.30557,-12.56599
0.0,-0.06865,-3.02271,0.62625,-0.52194,1.0178,-0.19635,0.23892,-3.02578,1.39669,1.40244,-0.70333,0.07325,-3.00929,-0.40459,-0.63622,-12.56599
0.0,-0.06826,-3.02309,0.62625,-0.52232,1.01818,-0.19597,0.24007,-3.02501,1.60915,0.15953,0.58943,0.00192,-2.82099,0.09204,-0.50084,-12.56599
0.0,-0.06826,-3.02309,0.62586,-0.52194,1.0178,-0.19635,0.23968,-3.02539,1.35297,-0.04985,1.30964,-0.51964,-2.74391,0.0092,-0.18753,-12.56599
0.0,-0.06826,-3.03191,-0.01227,-0.4391,1.04733,-0.24122,0.29146,-3.06106,1.35374,-0.04985,1.31002,-0.52079,-2.74199,0.00844,-0.18523,-12.56599
0.0,-0.06788,-3.02501,-0.01266,-0.4391,1.04733,-0.24122,0.29567,-3.05952,1.40283,0.21706,-0.0675,-0.80342,-2.36118,-0.07747,-0.19673,-12.56599
0.0,-0.06865,-3.02654,-0.01266,-0.4391,1.04848,-0.24122,0.29529,-3.05837,1.9658,1.14857,-0.21169,-0.67035,-3.01811,-0.12655,0.00383,-12.56599
0.0,-0.06826,-3.02693,-0.01266,-0.43949,1.04733,-0.24083,0.29567,-3.05914,1.85075,1.14588,-0.21859,-0.76469,-3.04764,-1.24866,0.14726,-12.56599
0.0,-0.06865,-3.02654,-0.01304,-0.4391,1.04733,-0.23892,0.29414,-3.05914,1.57578,1.35949,-0.21706,0.53919,-3.04687,-1.25671,-0.52731,-12.56599
0.0,-0.06865,-3.02616,-0.01304,-0.4391,1.04656,-0.24045,0.29567,-3.05952,1.7683,1.93703,-0.52846,0.91425,-3.02539,0.46134,0.09549,-12.56599
0.0,-0.06826,-3.02693,-0.01227,-0.43987,1.04809,-0.24007,0.29529,-3.05952,2.2933,0.17602,-0.33287,1.05615,-3.04649,-0.02646,-0.051,-12.56599
0.0,-0.06826,-3.02654,-0.01304,-0.4391,1.04733,-0.24007,0.29452,-3.05876,2.40643,0.84752,0.40459,0.5902,-2.85474,0.28916,-0.04947,-12.56599
0.0,-0.06826,-3.03076,0.77236,-0.52999,0.64811,-0.06788,-0.2278,-3.06068,2.40643,0.84714,0.4042,0.5902,-2.85512,0.29031,-0.04985,-12.56599
0.0,-0.06865,-3.04802,0.3973,-0.79192,-0.89508,-0.23086,0.21207,-2.99088,2.40605,0.84791,0.40497,0.5902,-2.85512,0.29146,-0.04947,-12.56599
0.0,-0.06826,-3.01274,1.48298,-0.77044,-0.14918,-0.1116,0.0349,-2.88964,2.40643,0.84906,0.4042,0.59058,-2.85282,0.29031,-0.04985,-12.56599
0.0,-0.06865,-3.00699,1.48374,-0.76967,-0.1511,-0.11045,0.03797,-2.88964,3.05301,1.64404,0.69413,0.0836,-2.83633,-0.12924,0.06328,-12.56599
0.0,-0.06903,-3.00622,1.48451,-0.76891,-0.1511,-0.11083,0.0372,-2.88887,3.05416,2.08851,0.56566,0.21322,-2.65225,-0.49202,-0.05752,-12.56599
0.0,-0.06826,-3.04764,0.34093,-0.53152,-1.02623,-0.30756,0.06634,-2.93182,3.05339,2.0866,0.56527,0.20977,-2.65072,-0.49087,-0.05676,-12.56599
0.0,-0.06903,-3.02424,0.45137,-0.49548,-1.00514,-0.52922,-0.10546,-2.98666,2.97209,0.33287,0.68837,0.33326,-3.0461,0.30756,-0.01572,-12.56599
0.0,-0.06903,-3.02271,0.45176,-0.49586,-1.00399,-0.52807,-0.10584,-2.98704,2.74468,1.18768,0.35818,1.0619,-3.03958,0.03451,-0.09089,-12.56599
0.0,-0.06903,-3.02348,0.45214,-0.49701,-1.00437,-0.52846,-0.107,-2.98666,2.6534,1.24291,0.33786,1.05998,-3.0089,-1.31462,-0.04679,-12.56599
0.0,-0.06903,-3.04725,0.27995,-0.61666,0.05522,-0.45559,-0.19175,-3.00622,2.6534,1.24291,0.33901,1.05615,-3.00468,-1.31347,-0.04602,-12.56599
0.0,-0.06865,-3.04649,-0.04947,-0.70218,1.04924,-0.21207,-0.01841,0.03528,2.6534,1.24252,0.33824,1.05576,-3.00775,-1.31347,-0.04602,-12.56599
0.0,-0.06941,-3.04725,-0.01457,-0.03912,1.0385,-0.1139,-0.10163,-0.01649,2.65264,1.24252,0.33824,1.055,-3.00545,-1.31616,-0.04602,-12.56599
0.0,-0.06865,-3.04725,0.028,1.42775,1.03199,-0.19712,-0.48589,0.0092,2.65379,1.24329,0.33863,1.05576,-3.00584,-1.31385,-0.04564,-12.56599
0.0,-0.06865,-3.04802,0.12003,0.60937,1.01703,-0.19367,-0.51043,-0.00767,2.6534,1.24329,0.33824,1.05538,-3.00584,-1.31462,-0.04602,-12.56599
0.0,-0.06865,-3.04649,0.11965,0.60746,1.0201,-0.19328,-0.50813,-0.00767,2.49157,0.64926,0.25464,0.39577,-2.84362,0.17526,-0.00307,-12.56599
0.0,-0.06903,-3.0369,0.55684,-0.38273,-0.41341,-1.84001,-0.37621,-0.39347,2.46894,0.31332,0.30296,-0.31293,-3.04687,-0.41801,-0.40305,-12.56599
0.0,-0.06826,-3.03805,0.33249,-1.00821,-0.47784,-1.13553,-0.23508,-0.38196,2.35619,0.71445,-0.28647,-0.35742,-3.04687,-0.21246,-0.45176,-12.56599
0.0,-0.06865,-3.03575,0.33249,-1.00783,-0.47899,-1.13438,-0.23508,-0.38119,2.20625,0.41648,-0.70678,-0.58867,-3.02271,-0.33364,-0.31562,-12.56599
0.0,-0.06865,-3.04725,0.69298,0.18369,-0.423,-1.43926,-0.32252,-0.4299,2.20548,0.41609,-0.7064,-0.58867,-3.01849,-0.32904,-0.31523,-12.56599
0.0,-0.06903,-3.04955,1.56696,0.61052,-0.55185,-3.03345,-0.76929,-0.54111,2.20548,0.41648,-0.7064,-0.58828,-3.02156,-0.32904,-0.31408,-12.56599
0.0,-0.06788,-3.04802,0.474,0.65693,-0.3973,-3.04955,0.05139,-0.06098,2.91648,1.67051,-0.72941,-0.38158,-2.89155,-0.94915,0.01534,-12.56599
0.0,-0.06865,-0.10584,0.37621,0.63507,0.95068,-3.04955,-0.30718,-0.09166,2.91686,1.67051,-0.72902,-0.38273,-2.89194,-0.948,0.01496,-12.56599
0.0,-0.0698,-0.14381,0.19865,0.56374,0.99632,-3.04917,-0.28417,-3.05876,0.1231,0.16375,-0.56987,1.00476,-3.04649,-0.50583,-3.05991,-12.56599
0.0,-0.07018,-0.14458,0.19865,0.56374,0.99709,-3.04917,-0.28532,-3.05914,0.15877,1.49908,-0.78156,0.08859,-3.04687,-0.07555,-3.05952,-12.56599
0.0,-0.06941,-0.02301,1.4895,0.63008,-0.00077,-3.0507,0.08092,-3.05991,0.1603,1.49832,-0.78156,0.08935,-3.04649,-0.079,-3.05914,-12.56599
0.0,-0.07018,-0.10584,0.00729,0.65424,-0.07363,-3.05032,0.09626,-3.05991,0.15877,1.49985,-0.78156,0.09089,-3.04687,-0.07747,-3.05876,-12.56599
0.0,-0.07018,-0.10393,-0.05139,0.7459,-1.36601,-3.04955,0.02569,-3.05914,0.15953,1.50023,-0.78195,0.08935,-3.04725,-0.07325,-3.05876,-12.56599
0.0,-0.06941,-0.10354,-0.04985,0.7459,-1.36678,-3.05032,0.02493,-3.05914,0.15762,-0.04985,-1.12633,-1.3756,-3.04495,-0.09971,-2.97631,-12.56599
0.0,-0.06941,-0.10393,-0.05062,0.74705,-1.36524,-3.05032,0.02531,-3.05876,1.59956,1.37943,-0.68109,-0.08053,-3.04725,-0.07747,-2.93719,-12.56599
0.0,-0.06826,-1.58959,1.53398,0.76967,0.02608,-1.33111,0.03106,-1.63906,1.59994,1.37982,-0.68147,-0.08092,-3.04764,-0.07747,-2.93757,-12.56599
0.0,-0.06865,-1.63216,0.54495,-0.28455,0.08782,-1.57041,0.05292,-1.55622,1.45191,0.237,0.75817,0.03873,-3.04112,0.26346,-3.05876,-12.56599
0.0,-0.06865,-1.76561,-0.04947,-0.81454,0.01189,-1.39055,-0.02991,-1.58499,1.44002,-0.04947,0.97408,0.04333,-3.04687,-0.04065,-3.02348,-12.56599
0.0,-0.06865,-1.82084,0.01035,-0.70333,0.01917,-1.44194,0.01879,-1.50368,0.0859,1.39362,0.31753,0.01419,-3.04687,-0.21706,-3.05914,-12.56599
0.0,-0.06903,-1.82084,0.00959,-0.70448,0.02033,-1.44156,0.01917,-1.50445,3.04572,1.61068,0.13959,0.32099,-3.0461,-0.18216,-3.01734,-12.56599
0.0,-0.06865,-1.82122,0.01074,-0.7041,0.01917,-1.44117,0.01917,-1.50445,3.00123,1.10677,0.1185,-0.30795,-3.04495,-0.14266,-3.03076,-12.56599
0.0,-0.06903,-1.8216,0.00959,-0.7041,0.01956,-1.44117,0.01841,-1.50407,2.93911,0.24352,-0.03797,-1.13016,-3.04649,-0.22358,-3.03651,-12.56599
0.0,-0.06903,-1.82084,0.32942,0.81263,-0.00575,-1.38173,-0.07325,-1.53168,2.98551,1.43696,-0.4694,0.02339,-3.04572,-0.2788,-3.05914,-12.56599
0.0,-0.06903,-1.81853,0.32942,0.81224,-0.0092,-1.37943,-0.07325,-1.53091,2.96864,0.37506,-0.91732,-1.18922,-2.91955,-0.24122,-3.05837,-12.56599
0.0,-0.06865,-2.89309,0.43795,0.53459,-1.07685,-1.85458,0.12617,-1.47952,2.96825,0.37467,-0.9177,-1.18884,-2.91993,-0.24007,-3.05952,-12.56599
0.0,-0.0698,-2.89309,0.43718,0.53421,-1.07685,-1.8542,0.12847,-1.47991,3.05301,1.26093,-0.71867,-0.16874,-3.04035,-1.57195,-3.05799,-12.56599
0.0,-0.06865,-2.93949,0.08897,0.62165,-0.49816,-2.99203,0.14726,-1.71883,2.89961,-0.05024,-0.77159,-0.69911,-3.04265,-0.08859,-3.05914,-12.56599
0.0,-0.06903,-2.93566,0.08935,0.62165,-0.49739,-2.9905,0.14688,-1.71806,3.01466,1.63024,-0.67955,-0.70103,-3.0461,-0.09012,-3.05646,-12.56599
0.0,-0.06941,-2.93642,0.08859,0.62165,-0.49893,-2.99088,0.14688,-1.71883,3.05454,1.43926,-0.84522,-0.17564,-3.04649,-0.87322,-3.05914,-12.56599
0.0,-0.06903,-3.04764,1.12172,0.66805,-0.21783,-3.05032,-0.99555,-0.07095,3.05416,1.43849,-0.84446,-0.17679,-3.04687,-0.8736,-3.05876,-12.56599
0.0,-0.06788,-3.04764,1.4941,-0.81339,0.01917,-3.04994,0.13346,-0.1557,3.03268,1.75717,0.79614,0.20057,-3.04687,0.07555,-0.16797,-12.56599
0.0,-0.06788,-3.04764,1.49218,-0.81454,0.01879,-3.0507,0.13384,-0.1557,2.77229,0.33709,-0.06941,0.16068,-2.80834,0.18715,-0.11965,-12.56599
0.0,-0.0675,-3.04802,1.49218,-0.81378,0.01879,-3.05032,0.13384,-0.15493,1.5754,1.69006,-0.84216,-0.08245,-2.74851,0.2278,-0.27688,-12.56599
0.0,-0.06865,-3.04764,1.49295,-0.81301,0.01917,-3.0507,0.13307,-0.15493,1.60109,0.14381,-0.05791,0.02301,-2.93144,0.2324,-0.22166,-12.56599
0.0,-0.06788,-3.04725,0.00153,-0.8249,-0.06903,-3.04955,0.18331,-0.16068,1.60071,0.14266,-0.05983,0.02301,-2.93067,0.2324,-0.22013,-12.56599
0.0,-0.06788,-3.04764,0.00192,-0.82528,-0.0698,-3.0507,0.18369,-0.15915,1.55047,0.33901,0.3996,-0.01994,-2.87123,0.10048,-0.26615,-12.56599
0.0,-0.06788,-3.04764,-0.05024,-0.46441,0.98597,-3.05109,0.19942,-0.27535,0.17066,0.00192,0.4671,0.92346,-3.04725,-0.34745,-0.14688,-12.56599
0.0,-0.06865,-3.04687,-0.04985,-0.46441,0.98482,-3.05032,0.20057,-0.27573,0.16989,0.00192,0.4671,0.92269,-3.04764,-0.34745,-0.1465,-12.56599
0.0,-0.06903,-2.98359,1.12939,-0.62893,1.04733,-3.04572,-1.57041,-0.02723,1.26093,-0.00614,0.81033,0.09779,-2.78648,0.04717,-0.12732,-12.56599
0.0,-0.06865,-3.04227,0.29261,-0.70486,0.31101,-3.05032,-0.06596,-0.17487,1.59802,0.01112,0.72366,-0.82528,-3.03383,0.051,-0.22741,-12.56599
0.0,-0.06865,-3.0392,0.29376,-0.70525,0.31255,-3.04994,-0.06596,-0.17602,1.63216,1.59802,-0.89469,-0.06366,-2.84323,-0.186,-0.55338,-12.56599
0.0,-0.06826,-3.03958,0.29261,-0.70525,0.31217,-3.04994,-0.06673,-0.17564,0.38541,1.18078,-0.69298,0.16682,-3.04764,-0.00422,-0.14304,-12.56599
0.0,-0.06788,-3.0392,0.29107,-0.7041,0.31217,-3.04955,-0.06634,-0.17641,0.44907,1.81048,-0.62471,0.40689,-3.04725,0.0441,-0.01994,-12.56599
0.0,-0.06826,-0.33748,0.36355,0.632,0.96411,-3.0507,-0.08552,-3.05876,0.09626,1.73378,-0.59787,0.31217,-3.04649,-0.14074,-0.08552,-12.56599
0.0,-0.06865,-0.33709,0.36394,0.632,0.96526,-3.05032,-0.0859,-3.05914,0.98865,2.31363,-0.74283,0.52616,-3.04764,0.16107,0.4648,-12.56599
0.0,-0.06865,-0.33671,0.36355,0.63238,0.96564,-3.05109,-0.08667,-3.05952,1.90635,1.57118,-0.39423,0.49126,-2.77612,-0.07171,-0.01496,-12.56599
0.0,-0.06865,-0.33709,0.36509,0.63238,0.96564,-3.0507,-0.08629,-3.05952,-0.05177,-0.028,0.24927,-0.05139,-3.04495,0.10546,-0.13116,-12.56599
0.0,-0.06865,-0.25848,1.31079,0.30143,-0.3555,-3.04879,-0.44946,-3.05952,0.07095,1.61106,-0.44524,-0.45137,-2.86356,-0.18906,-0.30373,-12.56599
0.0,-0.06903,-0.34131,0.44907,0.01381,0.54533,-3.04994,-0.13767,-3.05914,0.07095,1.61221,-0.44524,-0.45061,-2.86394,-0.18945,-0.3045,-12.56599
0.0,-0.06826,-0.34208,0.44831,0.01266,0.54456,-3.05109,-0.13729,-3.05876,1.45038,0.22166,-0.18983,0.05983,-3.04687,0.14496,-0.0092,-12.56599
0.0,-0.06826,-0.03873,1.32459,-0.8644,0.04679,-2.90651,-0.04679,-3.05952,1.45038,0.22204,-0.19136,0.05829,-3.04764,0.14419,-0.0092,-12.56599
0.0,-0.06865,-2.96173,1.05308,-0.73286,1.04694,-3.05109,-0.30219,-3.05837,2.23386,1.1781,-0.52002,0.9944,-2.72013,-0.19405,-0.17257,-12.56599
0.0,-0.06865,-2.9625,1.05231,-0.73286,1.04771,-3.05109,-0.30334,-3.05876,2.80335,1.03352,0.48819,1.06075,-2.84707,-0.24352,-0.21016,-12.56599
0.0,-0.06903,-2.96173,1.05269,-0.73209,1.04694,-3.05147,-0.30219,-3.05876,2.79645,0.19213,0.66115,0.22741,-2.9322,0.06289,-0.01419,-12.56599
0.0,-0.06826,-3.04802,-0.05024,-0.79077,0.08283,-3.0507,-0.10086,-3.06029,3.05454,0.41417,0.69681,0.23968,-2.93105,0.28724,-0.13652,-12.56599
0.0,-0.06826,-3.0484,-0.04947,-0.79115,0.0836,-3.05147,-0.10048,-3.05914,3.05492,0.51235,0.7992,-0.85481,-2.93642,0.1883,-0.18446,-12.56599
0.0,-0.06865,-3.0484,0.25771,-0.75702,-0.89009,-3.0507,-0.03988,-3.06144,3.05416,0.51542,0.79997,-0.85788,-2.93566,0.18676,-0.18408,-12.56599
0.0,-0.06865,-3.04725,0.49854,0.48972,-0.45981,-3.05147,0.02033,-3.05837,3.05377,0.5135,0.79882,-0.85596,-2.93642,0.18715,-0.18484,-12.56599
0.0,-0.06865,-3.04725,0.49778,0.49011,-0.45789,-3.05032,0.01994,-3.05914,3.00468,0.33556,0.8667,-0.21284,-2.93642,0.08897,-0.15723,-12.56599
0.0,-0.06865,-3.0484,1.17196,-0.45367,0.30603,-3.0507,0.0836,-3.05837,3.03306,1.31922,0.21361,0.36049,-2.98743,-0.31945,-0.0115,-12.56599
0.0,-0.06826,-3.04764,1.40167,-0.80227,0.91234,-3.04764,-0.01112,-0.05676,2.92722,1.43887,0.37314,0.65616,-3.04649,-0.13192,-0.18101,-12.56599
0.0,-0.06865,-3.04687,1.39822,-0.80227,0.91272,-3.04802,-0.0115,-0.05484,2.83633,1.41126,-0.54686,0.61474,-3.02424,-0.06711,0.12809,-12.56599
0.0,-0.06826,-3.04764,1.36793,-0.84599,1.02317,-3.0507,-0.34284,-0.13959,2.8371,1.41165,-0.54533,0.61244,-3.02233,-0.06558,0.12847,-12.56599
0.0,-0.06903,-2.92645,0.35243,-1.31347,0.27842,-2.98666,0.00805,-0.17641,2.8371,1.41165,-0.54571,0.61244,-3.02386,-0.06558,0.12847,-12.56599
0.0,-0.06941,-2.92684,0.36355,-1.49832,0.22626,-3.05032,0.18676,-0.12349,2.87813,0.65348,-0.15685,0.33824,-3.00929,0.18063,0.17181,-12.56599
0.0,-0.06865,-2.9276,0.32022,-1.05576,0.17756,-3.05109,0.09664,-0.11773,2.87315,0.21169,0.30718,-0.05829,-2.98091,0.22511,-0.07862,-12.56599
0.0,-0.06826,-3.0438,-0.04985,0.74782,-0.12195,-3.04802,0.22971,-0.5833,2.9974,0.05139,-0.84024,-0.07171,-3.02923,-1.57118,0.20939,-12.56599
0.0,-0.06865,-3.04227,-0.04985,0.74667,-0.12157,-3.04879,0.22933,-0.58406,3.05377,1.70349,-0.74858,0.03528,-3.04687,-0.01035,-0.29683,-12.56599
0.0,-0.06865,-3.04764,0.0675,-0.52846,0.10738,-3.05032,-0.17334,-0.27842,3.05377,1.70349,-0.74705,0.03068,-3.0461,-0.00959,-0.29606,-12.56599
0.0,-0.06903,-3.04802,-0.04909,-0.89738,-0.01112,-3.04879,-0.08744,-0.15263,3.05454,1.70579,-0.74705,0.02953,-3.04649,-0.01035,-0.29606,-12.56599
0.0,-0.06826,-3.04764,-0.05024,-0.89738,-0.00882,-3.05032,-0.0882,-0.15493,3.05416,2.01565,-0.69029,0.8644,-3.04495,-0.02454,-0.13959,-12.56599
0.0,-0.06826,-2.90766,2.01795,0.34054,0.7482,-3.05032,-0.13729,-0.37237,3.0415,2.02907,-0.61704,0.74935,-3.0346,-0.0326,-0.18178,-12.56599
0.0,-0.06865,-2.90804,2.01795,0.34054,0.74743,-3.05109,-0.13729,-0.37314,2.89692,1.11635,-0.80726,-0.30871,-3.03306,-0.12732,-0.0092,-12.56599
0.0,-0.06941,-2.88964,0.50391,-0.22396,0.47438,-3.05032,-0.00499,-0.4671,2.89731,1.11597,-0.80802,-0.30795,-3.03268,-0.1254,-0.00959,-12.56599
0.0,-0.06865,-2.81102,-0.05024,-0.22971,1.04694,-3.04725,-0.16989,-0.51618,1.71959,1.53858,-0.82221,-0.14726,-3.04764,-0.00729,-0.39155,-12.56599
0.0,-0.06903,-2.81102,-0.04985,-0.22856,1.04656,-3.04687,-0.16989,-0.51657,1.0945,1.61221,-0.81186,-0.05062,-3.04687,0.04602,-0.04985,-12.56599
0.0,-0.06865,-2.8114,-0.05024,-0.22933,1.04694,-3.04764,-0.16989,-0.51542,0.65079,1.14243,-0.02531,-0.04717,-2.88197,0.23432,0.13192,-12.56599
0.0,-0.06865,-2.81102,-0.04985,-0.2301,1.04694,-3.04764,-0.17104,-0.51618,1.55047,0.11658,0.60285,0.04525,-2.80718,0.16605,-0.1254,-12.56599
0.0,-0.06865,-2.81102,-0.04947,-0.22971,1.04694,-3.04534,-0.17027,-0.5158,1.55047,0.27842,0.74168,-0.5971,-2.74851,0.29567,-0.17027,-12.56599
0.0,-0.06865,-2.81102,-0.04985,-0.22933,1.04694,-3.0484,-0.17027,-0.51618,1.44117,1.22757,0.74858,-0.69911,-2.70671,0.20709,-0.20555,-12.56599
0.0,-0.06865,-2.81179,-0.05024,-0.22971,1.04733,-3.04725,-0.17066,-0.51618,1.74605,1.52938,-0.06174,-0.46173,-3.04725,0.04525,-0.40881,-12.56599
0.0,-0.06865,-2.82789,1.80319,0.02263,0.66153,-3.0392,-0.13576,-0.35742,2.28525,1.18999,-0.11275,-1.0945,-2.84668,-0.6412,-0.42491,-12.56599
0.0,-0.06903,-2.87238,0.40996,0.00959,-0.53651,-3.03882,-0.36394,-0.57793,2.28601,1.18922,-0.11236,-1.09411,-2.84668,-0.64197,-0.42453,-12.56599
0.0,-0.06826,-3.04802,0.41456,-0.7505,-0.18101,-3.0507,-0.11121,-0.20402,2.28717,1.19229,-0.11275,-1.09411,-2.84707,-0.64159,-0.42453,-12.56599
0.0,-0.06865,-3.04802,0.41379,-0.7505,-0.18139,-3.05147,-0.11083,-0.20402,2.31056,1.34722,-0.30296,-0.3068,-3.04764,0.09166,-0.20977,-12.56599
0.0,-0.06826,-3.04764,0.41456,-0.75012,-0.18063,-3.05109,-0.1116,-0.20517,1.70732,0.96411,0.06941,0.03451,-3.04764,-0.16375,-0.48742,-12.56599
0.0,-0.06865,-3.04802,0.41456,-0.75012,-0.18139,-3.04994,-0.1116,-0.20402,1.84423,-0.0372,0.71982,0.0046,-3.04649,0.19098,-0.43297,-12.56599
0.0,-0.06826,-3.0484,0.41417,-0.74973,-0.18101,-3.05032,-0.11083,-0.20402,1.84423,-0.03912,0.71944,-0.00038,-3.04687,0.19021,-0.43182,-12.56599
0.0,-0.06826,-3.04802,0.41494,-0.7505,-0.18178,-3.05032,-0.11121,-0.20325,1.6682,0.0,0.51427,0.43527,-3.04725,0.00575,-0.43834,-12.56599
0.0,-0.06865,-3.04764,0.41456,-0.75012,-0.18139,-3.0507,-0.11121,-0.2044,1.56965,0.2765,0.27151,1.05806,-2.93949,0.03298,-0.35933,-12.56599
0.0,-0.06903,-3.0484,0.41187,-0.73056,0.43412,-3.0507,-0.27765,-0.35243,1.57003,0.2765,0.27151,1.05806,-2.93949,0.03221,-0.3601,-12.56599
0.0,-0.06826,-3.0484,0.15915,-0.68377,0.93956,-3.05032,-0.05292,-0.04103,1.5708,0.2765,0.2719,1.05806,-2.93911,0.03298,-0.35972,-12.56599
0.0,-0.06865,-3.04725,-0.04755,-0.65271,1.04694,-3.04917,-0.22358,-0.05369,1.8983,0.38695,0.24199,1.05845,-2.92607,0.2278,-0.27842,-12.56599
0.0,-0.06826,-3.04649,-0.04909,-0.65309,1.04771,-3.04917,-0.22358,-0.05407,1.63292,2.44248,-0.63507,0.02569,-2.70633,0.16797,-0.51734,-12.56599
0.0,-0.06826,-3.0461,-0.04832,-0.65386,1.04733,-3.04879,-0.22434,-0.05407,1.46188,1.32152,-0.47477,-0.01841,-2.71246,-0.10278,-0.56182,-12.56599
0.0,-0.06865,-3.04572,-0.0487,-0.65386,1.04694,-3.04879,-0.22358,-0.05369,2.02677,1.71384,-0.3532,0.01227,-2.34277,0.12847,-0.35051,-12.56599
0.0,-0.06826,-3.02961,0.1162,0.1929,0.33287,-3.04955,-0.21667,-0.34553,2.02562,1.71384,-0.35243,0.01074,-2.34277,0.12809,-0.35167,-12.56599
0.0,-0.06941,-3.02846,0.11697,0.19328,0.33211,-3.04994,-0.21667,-0.34476,2.57479,1.5359,-0.25196,-0.06251,-2.32973,-0.08092,-0.43182,-12.56599
0.0,-0.06865,-3.02808,1.08644,0.27228,-0.04142,-3.01849,-0.2462,-0.3624,2.57517,1.53628,-0.25119,-0.06519,-2.32935,-0.0813,-0.43258,-12.56599
0.0,-0.06865,-3.02616,1.08606,0.2719,-0.04103,-3.01657,-0.2462,-0.36202,2.5744,0.65501,-0.28992,-0.13384,-2.33318,-0.10508,-0.51618,-12.56599
0.0,-0.06865,-3.02654,1.08606,0.27267,-0.04218,-3.01657,-0.2462,-0.36317,2.42714,1.88871,-0.59173,-0.30641,-2.65302,-0.29414,-0.60285,-12.56599
0.0,-0.06903,-3.03345,0.48167,0.36355,-0.29031,-3.05032,-0.01726,-0.34936,2.42791,1.88641,-0.58982,-0.30871,-2.6511,-0.28839,-0.60094,-12.56599
0.0,-0.06826,-3.03,0.48244,0.36432,-0.28685,-3.04955,-0.01802,-0.34898,2.52877,0.48129,-0.25886,-1.03045,-2.70824,0.06174,-0.65463,-12.56599
0.0,-0.06826,-2.9928,0.34246,-0.19827,0.36624,-3.05032,0.20862,-0.55185,1.76293,-0.04717,0.69374,0.10009,-2.47815,0.14113,-0.71522,-12.56599
0.0,-0.06865,-2.99318,0.34016,-0.1975,0.367,-3.04994,0.20862,-0.55147,1.59687,0.10623,0.32329,0.7156,-2.48505,-0.01112,-0.78348,-12.56599
0.0,-0.06826,-2.99586,0.24774,-0.10891,0.83065,-3.04994,0.05752,-0.83717,1.05576,0.27765,0.34246,1.05921,-2.46894,-0.01879,-0.75395,-12.56599
0.0,-0.06865,-0.72902,-0.051,-0.03988,1.04733,-2.87545,-0.10009,-3.00699,0.30258,0.24774,-0.65884,1.00322,-2.7186,-0.16068,-0.72787,-12.56599
0.0,-0.06826,-0.48857,0.19673,-1.06727,0.81186,-2.82751,-0.14151,-2.98628,0.30334,0.2462,-0.65884,1.00399,-2.71821,-0.15915,-0.73133,-12.56599
0.0,-0.06865,-0.41801,-0.04909,-0.29606,-1.28663,-3.0507,-0.18753,-3.00277,0.32482,-0.0487,0.18753,-1.35067,-2.86241,-0.11812,-0.45636,-12.56599
0.0,-0.06903,-0.11543,0.48627,0.62778,0.91579,-3.05109,-0.31332,-0.09089,0.43718,0.22358,-0.78923,1.00974,-3.0369,-0.08283,-2.52033,-12.56599
0.0,-0.06865,-0.11505,0.48627,0.62817,0.91579,-3.0507,-0.31217,-0.09012,0.22204,-0.05024,-0.80496,0.59749,-3.0461,-0.74436,-2.41794,-12.56599
0.0,-0.0698,-0.49778,0.9039,0.30143,0.5227,-3.05032,-0.25157,-0.21131,0.22204,-0.05024,-0.80572,0.59442,-3.04534,-0.74436,-2.41832,-12.56599
0.0,-0.06941,-0.80611,0.87514,0.07555,0.08667,-3.0484,-0.53804,-0.21821,0.22319,-0.05062,-0.80496,0.59442,-3.04649,-0.74475,-2.41755,-12.56599
0.0,-0.06903,-0.80611,0.87437,0.07555,0.08935,-3.04917,-0.53843,-0.21629,0.2696,-0.04832,-0.21974,0.52079,-3.0461,-1.04004,-2.20318,-12.56599
0.0,-0.06941,-0.80649,0.87437,0.07517,0.08935,-3.04917,-0.53728,-0.21744,0.28494,-0.05024,0.48014,0.22741,-3.04649,-1.10293,-2.04096,-12.56599
0.0,-0.06903,-0.80687,0.87514,0.07517,0.08859,-3.04955,-0.53804,-0.21706,0.34515,0.14189,0.97715,0.61474,-2.96327,-0.6366,-2.38956,-12.56599
0.0,-0.0698,-0.80726,0.87437,0.07517,0.0882,-3.04917,-0.53766,-0.21744,0.28647,-0.05024,0.18178,0.37314,-2.9579,-0.89278,-2.34507,-12.56599
0.0,-0.0698,-0.80649,0.87437,0.07593,0.08897,-3.04994,-0.53843,-0.21667,0.20939,0.22703,-0.40497,0.58905,-3.04572,-0.90582,-2.32091,-12.56599
0.0,-0.0698,-0.88357,0.91234,0.59787,0.69106,-2.87583,-0.13652,0.06673,0.2067,0.22703,-0.40497,0.58675,-3.0461,-0.90658,-2.319,-12.56599
0.0,-0.0698,-0.88166,0.91272,0.59749,0.68799,-2.87506,-0.13346,0.0675,0.33901,0.18868,0.17871,0.80457,-3.0043,-1.01319,-2.48773,-12.56599
0.0,-0.06941,-1.07532,0.58905,0.57601,-0.0092,-2.98935,-0.50851,0.03183,0.34016,0.18791,0.17986,0.80266,-3.00162,-1.01396,-2.48735,-12.56599
0.0,-0.06903,-1.80013,0.64466,0.62663,-0.32904,-3.04955,-0.64657,0.04142,0.33863,0.1883,0.17909,0.80304,-3.002,-1.01281,-2.48658,-12.56599
0.0,-0.06941,-1.79706,0.64504,0.62663,-0.33249,-3.05032,-0.64772,0.04257,1.10447,1.64289,-0.27573,-0.12157,-3.04572,-0.79115,-2.70326,-12.56599
0.0,-0.06903,-1.79667,0.64466,0.62701,-0.33287,-3.04994,-0.64696,0.04142,1.75104,1.88641,-0.60976,0.00537,-3.03076,-0.37813,-2.61582,-12.56599
0.0,-0.06903,-2.31286,0.91732,0.98175,-0.76009,-3.0507,-0.67073,-0.316,1.7472,1.88526,-0.61014,0.00345,-3.02923,-0.37813,-2.6162,-12.56599
0.0,-0.06903,-2.30749,0.91655,0.98136,-0.76277,-3.0507,-0.66958,-0.31332,2.11689,1.48183,-0.88971,-0.14841,-3.0461,-0.57064,-1.71959,-12.56599
0.0,-0.06903,-2.34622,1.10523,0.17833,-0.63353,-2.91418,-0.81071,-0.33096,2.11881,1.48067,-0.88856,-0.1511,-3.04572,-0.56604,-1.71959,-12.56599
0.0,-0.0698,-2.34584,1.10523,0.17871,-0.63507,-2.91456,-0.80956,-0.33019,1.975,1.88948,-0.33134,-0.03068,-3.0461,-0.24083,-1.77635,-12.56599
0.0,-0.06941,-2.34546,1.10485,0.17871,-0.63622,-2.91418,-0.80956,-0.33172,1.55929,1.6916,0.49202,0.24544,-3.04572,-0.0882,-2.00836,-12.56599
0.0,-0.06941,-2.34546,1.10523,0.17833,-0.63468,-2.9138,-0.81033,-0.33096,1.20763,1.89677,-0.48167,0.37199,-3.04572,-0.10546,-2.57785,-12.56599
0.0,-0.0698,-2.16675,1.22182,0.34975,0.43488,-2.39531,-1.13745,-0.39807,1.20878,1.89753,-0.48052,0.36624,-3.0461,-0.10623,-2.57824,-12.56599
0.0,-0.06941,-1.91786,1.30388,0.32099,0.97561,-2.03061,-0.29874,-0.18063,1.20801,1.8983,-0.4809,0.36739,-3.04572,-0.10546,-2.57709,-12.56599
0.0,-0.07018,-1.91671,1.3058,0.31983,0.97216,-2.03137,-0.29721,-0.17909,0.89815,1.72189,-1.36754,0.43949,-3.04572,-0.64887,-3.05914,-12.56599
0.0,-0.0698,-2.11651,1.2337,-0.86977,0.62817,-2.14182,-0.80994,-0.51465,0.8993,1.72036,-1.36524,0.43872,-3.04572,-0.64772,-3.05952,-12.56599
0.0,-0.06941,-2.22351,1.38403,-0.13346,0.21744,-2.24767,-1.24483,-0.82183,0.8993,1.72074,-1.36563,0.43795,-3.0461,-0.64734,-3.05837,-12.56599
0.0,-0.0698,-2.44632,1.63522,0.51465,0.20709,-3.04802,-1.06343,-0.72864,0.8993,1.71998,-1.36524,0.43834,-3.0461,-0.64734,-3.05837,-12.56599
0.0,-0.06941,-2.44593,1.63561,0.51542,0.20479,-3.04764,-1.06382,-0.72672,1.28164,2.03674,-1.59764,0.04717,-3.0461,-0.48397,-3.05991,-12.56599
0.0,-0.06903,-2.4444,1.63637,0.51465,0.2044,-3.0484,-1.06343,-0.72711,1.87529,1.8147,-0.29798,0.01649,-3.04687,-0.40152,-2.92645,-12.56599
0.0,-0.06865,-2.44325,1.02892,-0.37352,0.54878,-2.61199,-1.57041,-0.17066,1.87452,1.81393,-0.29759,0.01649,-3.04649,-0.3996,-2.92607,-12.56599
0.0,-0.06941,-2.44056,1.02968,-0.37352,0.54686,-2.61314,-1.57003,-0.17027,1.10868,2.09542,-0.72404,0.43642,-3.04687,-0.28417,-3.05799,-12.56599
0.0,-0.06941,-2.43941,1.02968,-0.37352,0.54686,-2.61429,-1.57118,-0.17142,0.76124,1.29468,-1.60608,0.76239,-3.04534,-0.05062,-3.05914,-12.56599
0.0,-0.06941,-2.19283,0.71944,0.69298,1.04656,-2.77842,-1.55392,-0.44639,0.76239,1.29545,-1.60569,0.76085,-3.04534,-0.05177,-3.05952,-12.56599
0.0,-0.06941,-1.66782,1.60224,0.51197,1.02547,-2.15448,-1.12901,-2.09964,0.76239,1.29506,-1.60493,0.76124,-3.04534,-0.051,-3.05952,-12.56599
0.0,-0.06941,-2.0889,1.76638,0.92231,0.25656,-1.97692,-0.87935,-3.05837,0.762,1.2943,-1.60493,0.76047,-3.0461,-0.05177,-3.05914,-12.56599
0.0,-0.0698,-2.22312,1.3825,-0.01611,0.24544,-2.0981,-1.28509,-3.06029,0.76316,1.29506,-1.60646,0.76124,-3.04572,-0.05139,-3.05837,-12.56599
0.0,-0.06903,-2.22044,1.38327,-0.01534,0.24352,-2.09772,-1.28317,-3.05876,1.37636,2.20663,-1.00859,0.42875,-3.0461,0.17602,-3.05876,-12.56599
0.0,-0.06865,-2.2212,1.38135,-0.01572,0.24352,-2.0981,-1.28241,-3.05876,1.43619,1.38864,-0.5553,-0.17717,-3.04649,-0.9503,-3.02002,-12.56599
0.0,-0.06903,-1.59304,1.6544,0.32942,0.75817,-2.52762,-0.47592,-3.06106,1.43542,1.38902,-0.55684,-0.17756,-3.0461,-0.94608,-3.02002,-12.56599
0.0,-0.06941,-1.59534,1.65248,0.33019,0.75587,-2.52915,-0.47477,-3.05876,2.93374,1.82544,-0.95912,0.65156,-2.62272,-0.74782,-1.97884,-12.56599
0.0,-0.06941,-1.9424,1.40589,0.70333,0.10124,-2.66568,-1.28969,-3.06068,2.9322,1.82275,-0.95874,0.65117,-2.62311,-0.74667,-1.97807,-12.56599
0.0,-0.0698,-3.04802,1.26822,0.80496,0.19942,-3.05109,-0.73861,-1.93358,2.93259,1.82505,-0.95912,0.65002,-2.62272,-0.74667,-1.97884,-12.56599
0.0,-0.0698,-3.04802,1.2709,0.80572,0.20133,-3.0507,-0.73976,-1.9355,3.05454,0.53152,-1.106,-0.76622,-2.63576,-0.44179,-2.21008,-12.56599
0.0,-0.06941,-2.86816,0.11428,0.91118,1.04733,-2.89079,0.06519,-1.83234,3.05454,0.53076,-1.10485,-0.76392,-2.63615,-0.43987,-2.21008,-12.56599
0.0,-0.06941,-2.86586,0.11428,0.91157,1.04733,-2.8881,0.06634,-1.83349,2.0517,2.08276,-1.39516,0.01534,-2.98973,-0.4694,-2.20126,-12.56599
0.0,-0.06903,-2.86586,0.11543,0.91118,1.04656,-2.88887,0.06596,-1.83387,1.43312,1.32843,-0.83909,0.58023,-3.04572,-0.6995,-2.82137,-12.56599
0.0,-0.06903,-2.86586,0.11505,0.91157,1.04733,-2.89002,0.06596,-1.83349,0.83947,1.28509,-1.69467,0.73094,-3.04534,-0.95222,-3.03958,-12.56599
0.0,-0.0698,-1.64558,1.61758,1.52631,0.86171,-3.0507,-0.93228,-3.05876,0.8387,1.28509,-1.69313,0.73171,-3.0461,-0.9526,-3.04035,-12.56599
0.0,-0.06903,-1.4638,0.2044,1.13323,1.04157,-3.0507,-0.07171,-3.06068,0.8387,1.28509,-1.69313,0.73133,-3.04534,-0.95222,-3.04112,-12.56599
0.0,-0.06941,-1.46265,0.20517,1.13476,1.04771,-3.05109,-0.0675,-3.05914,1.24444,1.84269,0.14956,0.98635,-3.04572,-0.1952,-2.63116,-12.56599
0.0,-0.06941,-1.4615,0.20594,1.13284,1.04694,-3.05032,-0.07095,-3.05876,1.2571,1.71844,-1.04464,1.02738,-3.04534,-0.89469,-3.0043,-12.56599
0.0,-0.06903,-1.5102,1.738,0.9898,0.97216,-3.04994,-1.04426,-3.05991,1.25595,1.71652,-1.04464,1.02777,-3.0461,-0.89508,-3.00584,-12.56599
0.0,-0.06903,-1.51059,1.73838,0.99018,0.97216,-3.04994,-1.04502,-3.05952,1.28778,1.8983,-1.1781,0.24467,-3.0461,-1.00054,-3.00277,-12.56599
0.0,-0.06903,-1.5102,1.738,0.9898,0.97216,-3.04994,-1.04502,-3.05914,1.50292,1.69006,-1.09795,-0.22856,-3.0461,-0.88933,-3.01887,-12.56599
0.0,-0.06941,-1.81278,1.48298,-0.80189,0.40152,-2.61275,-0.35358,-3.05991,1.50522,1.69275,-1.0968,-0.22895,-3.0461,-0.89048,-3.02002,-12.56599
0.0,-0.06903,-1.95314,1.10984,-0.18101,0.29798,-2.66491,-1.38403,-3.05914,1.50522,1.69006,-1.09641,-0.22895,-3.04687,-0.88971,-3.02002,-12.56599
0.0,-0.06941,-2.1633,1.56159,0.76967,0.54955,-3.04994,-1.11789,-3.05914,1.5056,1.69083,-1.09718,-0.22895,-3.0461,-0.88971,-3.02041,-12.56599
0.0,-0.06865,-2.16138,1.56083,0.77006,0.54878,-3.05032,-1.11866,-3.05837,0.8387,1.57962,-1.36141,0.73248,-3.0461,-0.91118,-3.0323,-12.56599
0.0,-0.06941,-2.06244,0.99862,0.69183,0.90351,-2.99088,-0.18369,-3.05952,0.83794,1.57962,-1.36064,0.73056,-3.04572,-0.90965,-3.03345,-12.56599
0.0,-0.06865,-2.06244,0.99824,0.69183,0.9039,-2.99088,-0.18331,-3.05876,1.20226,1.44194,0.26691,1.05615,-3.0346,-0.50851,-3.02539,-12.56599
0.0,-0.06941,-1.77673,1.91211,0.20325,0.80189,-2.97746,-0.79805,-3.05991,1.20264,1.43964,0.26615,1.05538,-3.03383,-0.50928,-3.02501,-12.56599
0.0,-0.06903,-1.77635,1.91211,0.20479,0.80381,-2.97784,-0.79844,-3.05837,1.501,2.20356,-0.54686,1.02547,-3.0461,-0.20747,-3.0461,-12.56599
0.0,-0.06865,-1.77788,1.91402,0.20517,0.80381,-2.97861,-0.79805,-3.05914,1.42699,2.1725,-1.50138,0.99517,-3.04572,-0.21131,-2.99548,-12.56599
0.0,-0.06941,-1.88641,1.01166,0.95529,0.74245,-3.04725,-1.5056,-3.05876,1.42622,2.17327,-1.50177,0.99364,-3.04649,-0.21131,-2.99586,-12.56599
0.0,-0.06903,-1.88795,1.01204,0.95605,0.74321,-3.04764,-1.50484,-3.05876,1.23447,1.45613,-0.73133,1.05806,-3.0461,-0.58368,-2.99471,-12.56599
0.0,-0.06903,-1.67664,1.35757,0.58521,1.04733,-2.94601,-1.3522,-3.05952,1.23447,1.45843,-0.73056,1.05806,-3.04534,-0.5833,-2.99471,-12.56599
0.0,-0.0698,-1.67702,1.35757,0.58483,1.04694,-2.94678,-1.3522,-3.05876,1.32689,1.91978,-0.81378,-0.64197,-2.80834,-0.89623,-2.98858,-12.56599
0.0,-0.06865,-2.53529,0.90658,0.98251,-0.2324,-3.0507,-0.48014,-3.05952,1.32651,1.91939,-0.81378,-0.64159,-2.80718,-0.897,-2.98858,-12.56599
0.0,-0.07018,-2.18017,1.79783,0.52385,0.50698,-2.95138,-0.6807,-3.05991,1.32536,1.91978,-0.81378,-0.64159,-2.80795,-0.897,-2.98896,-12.56599
0.0,-0.06903,-2.18055,1.79821,0.52462,0.50315,-2.95138,-0.67994,-3.05876,0.87322,1.90674,-1.16659,0.50161,-3.0461,-0.47132,-2.98704,-12.56599
0.0,-0.06903,-1.86187,1.33456,0.40037,1.04809,-2.79453,-1.36448,-3.06106,0.87284,1.90635,-1.16659,0.49969,-3.04534,-0.47323,-2.98704,-12.56599
0.0,-0.06903,-1.85957,1.33495,0.4019,1.04694,-2.7953,-1.36409,-3.05914,0.78617,1.65593,-1.69467,0.74782,-3.0461,-0.93765,-2.96595,-12.56599
0.0,-0.06903,-1.83042,1.41817,1.44194,1.05116,-3.03498,-1.50982,-3.05991,0.78348,1.65517,-1.69467,0.74705,-3.04572,-0.93995,-2.96595,-12.56599
0.0,-0.06903,-1.8262,1.41855,1.44194,1.04694,-3.03536,-1.5102,-3.05876,2.81754,2.09427,-0.99709,0.71522,-2.24383,-0.56796,-1.68393,-12.56599
0.0,-0.06941,-2.84477,0.38388,0.36624,-1.12824,-3.03958,-0.05522,-3.05914,2.81831,2.09734,-0.99517,0.7156,-2.24383,-0.56796,-1.68316,-12.56599
0.0,-0.06903,-1.0316,0.54955,0.91042,1.04656,3.05952,-0.74628,1.94509,1.00744,0.68262,-1.32881,1.0596,-0.17641,0.367,-0.01342,-12.56599
0.0,-0.06865,-1.03199,0.54993,0.91042,1.04771,3.05952,-0.74551,1.94509,1.08798,1.41126,-1.45421,0.98942,-0.17066,0.03451,-0.00307,-12.56599
0.0,-0.06903,-1.0316,0.54955,0.9108,1.04733,3.05876,-0.74551,1.94662,1.50177,2.19551,-1.23601,1.02086,-0.24122,0.01649,0.06903,-12.56599
0.0,-0.06903,-1.03122,0.54993,0.91042,1.04733,3.05914,-0.74551,1.94547,1.70502,2.37882,-0.77428,0.33517,-0.60477,0.58521,0.2742,-12.56599
0.0,-0.06865,-1.0316,0.54955,0.91042,1.04733,3.05914,-0.7459,1.94624,1.58844,2.31516,-0.75702,-0.3045,-0.78348,0.55185,0.52731,-12.56599
0.0,-0.06865,-1.0316,0.54955,0.9108,1.04656,3.05914,-0.7459,1.94547,2.05784,1.55967,-0.70985,-0.31447,-0.75088,0.60362,0.45713,-12.56599
0.0,-0.06903,-1.03199,0.54917,0.9108,1.04694,3.05837,-0.74628,1.9447,2.3328,0.84637,-0.71829,-0.42568,-0.81109,0.35243,0.48359,-12.56599
0.0,-0.06903,-1.16199,1.3522,0.99364,1.03544,3.05837,-0.54034,1.79706,2.33318,0.84714,-0.71944,-0.42606,-0.80956,0.35243,0.48435,-12.56599
0.0,-0.06865,-1.19651,1.48144,0.88204,0.38656,3.03268,-0.45943,1.67971,2.33318,0.84752,-0.71982,-0.42568,-0.80956,0.35282,0.48512,-12.56599
0.0,-0.06865,-1.33993,1.02432,0.79767,-0.28033,3.05799,-1.02585,1.69083,2.33318,0.84752,-0.71944,-0.42606,-0.80841,0.35167,0.48397,-12.56599
0.0,-0.06903,-1.34223,0.99402,0.83755,-0.8318,3.05991,-1.10217,1.59112,2.33318,0.84752,-0.71944,-0.42568,-0.80841,0.35243,0.48435,-12.56599
0.0,-0.06865,-1.37867,0.31101,0.90236,-0.9921,3.05761,-0.24774,1.1873,2.33318,0.84714,-0.71944,-0.4253,-0.80917,0.35243,0.48435,-12.56599
0.0,-0.06941,-2.86778,1.36869,0.90045,-0.34591,2.66606,-0.99594,1.07417,2.33395,0.84867,-0.71944,-0.42568,-0.80917,0.35167,0.48435,-12.56599
0.0,-0.06865,-3.04073,1.17004,0.95222,-0.92767,2.4954,-1.11022,1.292,2.3328,0.84752,-0.7202,-0.42568,-0.80879,0.35205,0.48397,-12.56599
0.0,-0.06865,-3.0392,1.12978,1.00974,-0.88779,2.5303,-0.11773,1.20341,2.33318,0.84752,-0.71944,-0.4253,-0.80956,0.35167,0.48397,-12.56599
0.0,-0.06826,-2.97937,0.19788,0.91003,-0.94992,2.47853,-0.17334,1.04081,2.3328,0.84791,-0.71944,-0.42568,-0.80879,0.35167,0.48474,-12.56599
0.0,-0.06903,-2.97976,0.1975,0.81608,-0.44332,2.36156,-0.02876,1.00207,2.3328,0.84752,-0.71905,-0.42606,-0.80917,0.35205,0.48397,-12.56599
0.0,-0.06826,-2.97247,0.19788,0.81493,-0.44716,2.36233,-0.02991,1.00169,2.62963,0.47553,-1.58614,-1.17426,0.05829,-0.18676,0.74283,-12.56599
0.0,-0.06865,-2.97324,0.1975,0.81416,-0.44639,2.36233,-0.02876,1.00169,3.05377,1.19114,-1.24214,-0.83334,0.49279,1.13553,-0.20632,-12.56599
0.0,-0.06865,-2.97247,0.19788,0.81454,-0.44716,2.36156,-0.02991,1.00246,3.05416,1.75219,-1.00936,-0.12885,0.27113,1.24521,-0.237,-12.56599
0.0,-0.06903,-2.97285,0.19788,0.81454,-0.44677,2.36195,-0.02953,1.00207,2.96173,1.42162,-1.06228,0.38695,0.26653,1.63676,-0.21399,-12.56599
0.0,-0.06865,-2.97285,0.19788,0.81416,-0.446,2.36156,-0.02915,1.00207,2.68217,1.81355,-1.04196,1.05001,-0.02071,1.59304,0.03106,-12.56599
0.0,-0.06865,-2.97937,1.3338,0.90198,-0.15455,2.36425,-0.18024,1.07034,2.68025,1.80856,-1.03812,1.04733,-0.01611,1.59035,0.03106,-12.56599
0.0,-0.06941,-2.97861,1.95774,0.9085,0.66575,2.36425,-0.24659,1.02163,2.68025,1.80818,-1.03812,1.04733,-0.01611,1.59074,0.03106,-12.56599
0.0,-0.06903,-3.04725,1.87759,0.83602,0.73171,-0.04372,1.43619,3.0415,2.67986,1.80856,-1.03774,1.04656,-0.01687,1.58997,0.03106,-12.56599
0.0,-0.06941,-3.04534,1.08951,0.83947,1.00898,-0.0441,1.58729,3.01964,2.68025,1.80818,-1.03812,1.04733,-0.01649,1.59074,0.03145,-12.56599
0.0,-0.06865,-3.0461,0.95529,0.85903,1.01051,-0.05522,0.0115,3.02386,2.68025,1.80818,-1.03812,1.04694,-0.01649,1.59074,0.03106,-12.56599
0.0,-0.06903,-3.04649,1.00936,0.09856,1.03352,-0.20249,0.15647,2.43865,2.67986,1.80856,-1.03812,1.04694,-0.01649,1.59074,0.03068,-12.56599
0.0,-0.06903,-2.97362,1.11405,-0.57102,1.03544,-0.13346,0.13883,3.03345,2.68101,1.80818,-1.03812,1.04694,-0.01649,1.59035,0.03106,-12.56599
0.0,-0.06865,-2.97592,1.07455,-0.5856,1.03045,-0.02263,1.52133,2.96557,2.67986,1.8078,-1.0385,1.04733,-0.01611,1.59074,0.03106,-12.56599
0.0,-0.06865,-2.98398,2.26454,-0.65463,1.02853,0.01726,1.60531,2.9556,2.68063,1.80818,-1.0385,1.04694,-0.01649,1.59112,0.03068,-12.56599
0.0,-0.06941,-2.97209,2.2607,-0.65002,1.03544,0.01879,1.59917,2.95675,2.66107,1.11751,-1.17004,1.05768,0.2765,1.60876,-0.02224,-12.56599
0.0,-0.06903,-2.97324,2.2607,-0.64964,1.03544,0.01841,1.60071,2.95751,2.56482,1.15662,-0.2044,1.055,0.29836,1.6172,-0.13614,-12.56599
0.0,-0.06941,-2.97324,2.26032,-0.64964,1.03659,0.01917,1.60033,2.95828,3.0392,1.00246,0.63353,1.06305,0.08475,1.68891,-0.06059,-12.56599
0.0,-0.06903,-2.97362,2.2607,-0.65041,1.03505,0.01841,1.59994,2.95867,3.02693,1.0339,0.62203,1.06151,0.0418,0.08744,-0.2439,-12.56599
0.0,-0.06903,-2.97285,2.26109,-0.65041,1.03582,0.01841,1.59994,2.95867,3.03306,2.45667,0.64849,1.0619,-0.0069,-0.1488,-0.12655,-12.56599
0.0,-0.06903,-2.97209,2.25955,-0.65117,1.03505,0.01841,1.59956,2.95828,3.05262,1.57501,0.66843,-0.02876,-0.00805,-0.05407,-0.03106,-12.56599
0.0,-0.06865,-2.97285,2.25917,-0.64964,1.03544,0.01879,1.59917,2.95828,3.03153,0.48819,0.77543,-0.95107,-0.00959,-0.04947,-0.01074,-12.56599
0.0,-0.06903,-2.98819,0.93228,-0.70103,0.98827,-0.22396,1.85305,2.93872,3.03038,0.48857,0.77313,-0.95184,-0.00882,-0.0441,-0.01035,-12.56599
0.0,-0.06865,-2.99395,1.00284,-0.68224,1.03812,-0.20747,0.08897,2.71323,3.02961,0.48896,0.77274,-0.9526,-0.0092,-0.04333,-0.01074,-12.56599
0.0,-0.06865,-2.98896,1.1873,0.05484,1.01703,-0.21016,-0.09012,2.87238,3.03,0.48896,0.77274,-0.95222,-0.00882,-0.04333,-0.01074,-12.56599
0.0,-0.06865,-2.99241,0.25694,0.0349,1.01971,-0.34975,0.04027,2.55139,3.02961,0.48857,0.77389,-0.95222,-0.00882,-0.04295,-0.01035,-12.56599
0.0,-0.06903,-3.00392,0.35282,0.85289,1.02662,-0.34936,-0.17027,2.39493,3.03038,0.48896,0.77236,-0.9526,-0.00844,-0.04372,-0.01074,-12.56599
0.0,-0.06903,-3.0089,0.42261,0.81186,0.35588,-0.33172,-0.20287,2.19283,3.02961,0.48819,0.77313,-0.95299,-0.00767,-0.04602,-0.01074,-12.56599
0.0,-0.06941,-3.01312,0.53344,0.9154,-0.39385,0.19788,-0.17564,2.29292,3.03,0.48896,0.77351,-0.95299,-0.00767,-0.04602,-0.01074,-12.56599
0.0,-0.06903,-3.01466,0.37889,1.02892,-1.26285,0.19903,-0.22013,2.74468,3.02961,0.48896,0.77389,-0.95184,-0.00767,-0.04372,-0.01074,-12.56599
0.0,-0.06865,-3.02271,0.40689,0.86823,-1.27512,-0.1883,1.37368,2.07893,3.02961,0.48896,0.77274,-0.9526,-0.00805,-0.04333,-0.01074,-12.56599
0.0,-0.06865,-3.01657,0.40535,0.86593,-1.27934,-0.18906,1.37291,2.07969,2.99586,0.37122,-0.64312,-1.20379,-0.00959,-0.27228,0.00959,-12.56599
0.0,-0.06903,-3.01696,0.40229,0.86593,-1.2732,-0.18945,1.3733,2.08046,3.04572,0.50506,-0.70371,-1.23524,-0.04257,1.31462,-0.01687,-12.56599
0.0,-0.06903,-3.01734,0.40344,0.86747,-1.27627,-0.18945,1.37368,2.08084,1.90329,2.24306,-0.52961,-0.09971,-0.79997,0.84177,0.24697,-12.56599
0.0,-0.06865,-3.01696,0.40305,0.86555,-1.27551,-0.1883,1.37368,2.08008,1.70387,1.75104,0.21322,0.34553,-0.80611,0.46901,-1.97999,-12.56599
0.0,-0.06903,-3.01734,0.40267,0.86708,-1.27474,-0.18945,1.37368,2.08046,1.79399,1.72113,0.7923,0.35857,-1.20801,0.50315,-1.81278,-12.56599
0.0,-0.06941,-3.03,1.45191,0.76584,-0.37813,0.08974,1.17618,2.00836,1.80166,1.71576,0.79307,0.35243,-1.20724,0.49778,-1.81278,-12.56599
0.0,-0.06941,-2.39723,2.08046,0.24237,-0.47515,0.88741,0.54533,1.94662,1.80089,1.70847,0.78655,0.35282,-1.20648,0.49854,-1.81317,-12.56599
0.0,-0.06903,-2.38649,2.07816,0.24199,-0.48781,0.88971,0.54188,1.94854,1.66552,1.63062,0.26921,0.74206,-1.60454,0.26806,-1.85957,-12.56599
0.0,-0.06903,-2.07969,2.06627,-0.44716,0.2857,1.06727,0.65616,2.03674,1.66705,1.63177,0.26806,0.73554,-1.60416,0.26653,-1.85957,-12.56599
0.0,-0.06941,-2.34162,0.45943,-0.55147,0.17833,0.19098,-0.05446,1.51289,1.66744,1.62985,0.26768,0.73631,-1.60454,0.26691,-1.86072,-12.56599
0.0,-0.06865,-2.33472,0.45866,-0.55108,0.18139,0.1906,-0.04985,1.50982,1.83311,2.52762,-0.23777,1.05921,-1.60608,-0.02186,-1.60531,-12.56599
0.0,-0.06865,-2.13223,2.5326,-0.0767,0.80457,1.6287,0.21667,1.81201,1.83809,2.51956,-0.24505,1.05423,-1.60608,-0.02608,-1.60378,-12.56599
0.0,-0.06903,-2.12648,2.53145,-0.07593,0.80534,1.62909,0.21476,1.81432,2.15371,0.63584,0.82643,0.35972,-2.06589,-0.21399,-1.56658,-12.56599
0.0,-0.06903,-2.12878,2.5372,-0.07133,0.80496,1.62947,0.21552,1.81432,1.43696,1.9658,0.19712,0.88012,-2.15984,0.47055,-1.77903,-12.56599
0.0,-0.06865,-2.30174,1.07916,-1.13668,-0.23892,1.62985,0.10163,1.44271,1.43887,1.95889,0.20057,0.8621,-2.15984,0.4648,-1.77865,-12.56599
0.0,-0.06903,-2.41832,0.19865,-0.91924,-0.06213,1.5405,0.00844,0.96833,1.43926,1.95698,0.20133,0.86095,-2.15946,0.46441,-1.77865,-12.56599
0.0,-0.06941,-2.18707,1.70694,0.09434,0.74897,1.57118,0.0418,0.897,1.43849,1.95851,0.20133,0.86095,-2.15908,0.4648,-1.77865,-12.56599
0.0,-0.06903,-2.18209,1.70425,0.09319,0.7482,1.57156,0.0418,0.89776,1.62602,0.36355,0.81378,0.4437,-2.31018,-0.14266,-1.20801,-12.56599
0.0,-0.06865,-2.18132,1.70234,0.09357,0.74782,1.57156,0.0418,0.89853,1.63752,0.34553,0.30986,-0.15953,-2.30979,-0.02838,-0.37199,-12.56599
0.0,-0.06865,-2.1817,1.70425,0.09396,0.7459,1.57195,0.0418,0.89815,1.75219,0.12617,-0.14496,-0.63392,-2.30941,-0.02646,0.09817,-12.56599
0.0,-0.06903,-2.18247,1.70272,0.09396,0.7459,1.57271,0.04257,0.89853,1.83579,0.37889,-1.07379,-0.79614,-2.31976,-0.08897,-0.11505,-12.56599
0.0,-0.06903,-2.30749,0.44064,-0.6623,0.25464,1.59074,-0.0441,0.25042,1.83733,0.37736,-1.06305,-0.79575,-2.31938,-0.09127,-0.11543,-12.56599
0.0,-0.06903,-2.96557,1.92169,-0.61359,0.24352,2.01527,-0.26538,0.6715,1.83694,0.37736,-1.06267,-0.79422,-2.31938,-0.09127,-0.11275,-12.56599
0.0,-0.06865,-1.78977,1.97845,-0.55338,0.2021,1.9424,0.15225,0.8993,1.83541,0.37813,-1.06228,-0.7946,-2.31976,-0.09127,-0.11351,-12.56599
0.0,-0.06941,-1.78018,0.95644,-0.6228,0.16567,2.25917,-0.01956,0.24812,1.83656,0.37736,-1.06228,-0.79499,-2.31976,-0.09127,-0.11351,-12.56599
0.0,-0.06826,-1.06343,0.86133,1.31616,1.0339,2.29062,-0.12847,-1.12748,1.83618,0.37698,-1.06267,-0.7946,-2.31976,-0.09089,-0.11428,-12.56599
0.0,-0.06865,-1.05308,0.8575,1.31692,1.04579,2.2933,-0.1277,-1.12748,2.35121,2.14029,-0.70141,0.37774,-2.54066,-0.11198,-2.08315,-12.56599
0.0,-0.06903,-1.05346,0.8575,1.31692,1.04502,2.2933,-0.12885,-1.12786,2.32782,1.76293,0.06634,1.05691,-0.46441,-0.10661,-2.92338,-12.56599
0.0,-0.06941,-1.05461,0.85634,1.31616,1.04502,2.29368,-0.12847,-1.12594,2.12341,1.64328,0.59672,1.06113,-0.50583,1.59151,-3.03038,-12.56599
0.0,-0.06941,-1.05308,0.85711,1.31731,1.04502,2.29292,-0.12847,-1.12709,1.60301,1.54434,0.6343,0.05676,-0.079,1.4964,-3.0369,-12.56599
0.0,-0.06903,-1.05423,0.85596,1.31616,1.04541,2.2933,-0.12847,-1.12709,1.68508,1.00514,0.71023,0.04333,-0.33556,0.11236,-2.94869,-12.56599
0.0,-0.06826,-1.05346,0.8575,1.31577,1.04426,2.29407,-0.12809,-1.12671,2.00338,-0.03451,0.79115,-0.03183,-0.60669,-0.13154,-2.87391,-12.56599
0.0,-0.06903,-1.05423,0.85673,1.31654,1.04426,2.29368,-0.12885,-1.12709,2.34277,0.44677,0.32137,-1.12594,-0.60324,-0.44025,-2.06435,-12.56599
0.0,-0.06903,-1.05423,0.85673,1.31692,1.04426,2.29292,-0.12847,-1.12709,2.94294,2.35313,0.84407,0.77965,-1.66053,-0.3183,-1.98305,-12.56599
0.0,-0.06865,-1.05423,0.85634,1.31692,1.04502,2.29253,-0.12885,-1.12786,3.05224,2.08468,0.67994,0.75472,-3.04572,1.49065,-1.4151,-12.56599
0.0,-0.06865,-1.05423,0.85711,1.31654,1.04502,2.29292,-0.12847,-1.12709,3.04303,2.13377,0.66536,0.75549,-3.0461,-0.16605,-1.41471,-12.56599
0.0,-0.06941,-1.05423,0.85634,1.31616,1.04464,2.29368,-0.12809,-1.12709,3.04265,2.07739,0.66843,0.76469,-3.0461,1.46917,-1.40436,-12.56599
0.0,-0.06826,-1.05384,0.85711,1.31769,1.04426,2.29407,-0.12847,-1.12709,3.00315,0.94225,0.73439,0.9595,-2.31669,-0.12694,-2.31363,-12.56599
0.0,-0.06865,-1.05346,0.85634,1.31731,1.04426,2.29292,-0.12847,-1.12748,2.72167,2.58629,-1.17311,1.06228,0.0046,0.95682,-0.22204,-12.56599
0.0,-0.06865,-1.62218,2.40682,1.16813,1.03659,2.34354,0.00307,-0.04832,2.71745,2.56597,-1.16583,1.05845,0.01035,0.9434,-0.22089,-12.56599
0.0,-0.06865,-1.85267,2.58016,1.22565,1.03659,2.38994,-0.71023,-0.05024,2.71783,2.56443,-1.16621,1.0573,0.01342,0.94417,-0.22089,-12.56599
0.0,-0.06941,-2.3608,1.264,-0.03835,-0.01572,2.2956,-0.33019,0.03221,2.71821,2.5652,-1.16583,1.0573,0.01304,0.94532,-0.22013,-12.56599
0.0,-0.06903,-1.64596,1.87107,-0.47055,0.09664,2.34047,-0.07632,0.17372,2.7186,2.56712,-1.16736,1.0573,0.01266,0.9434,-0.22051,-12.56599
0.0,-0.06903,-1.80319,-0.0023,-0.82835,0.09396,3.05952,-0.44754,0.59864,2.7186,2.56558,-1.16698,1.05576,0.01227,0.94493,-0.22089,-12.56599
0.0,-0.06903,-2.18707,0.92729,-0.23892,-0.45291,3.05684,-0.2765,1.20916,2.71783,2.56482,-1.16659,1.05615,0.0115,0.94455,-0.22013,-12.56599
0.0,-0.06903,-1.09756,2.00146,1.64634,0.8295,3.05952,-1.2617,-0.2324,2.71821,2.56597,-1.16774,1.05615,0.0115,0.94417,-0.22089,-12.56599
0.0,-0.06865,-1.29813,1.31654,1.5846,0.95989,3.05914,-0.29721,0.25886,2.71821,2.56712,-1.16621,1.05615,0.0115,0.94532,-0.22166,-12.56599
0.0,-0.06903,-1.39976,-0.04449,0.94225,1.0688,2.9533,-0.1185,0.01572,2.71783,2.5652,-1.16583,1.05576,0.01227,0.94417,-0.22051,-12.56599
0.0,-0.06903,-1.39017,-0.04487,0.94071,1.04656,2.95291,-0.11275,0.01611,2.58706,1.87491,-1.48566,1.05806,0.02608,0.07363,-0.14918,-12.56599
0.0,-0.06903,-1.3917,-0.04487,0.94186,1.04617,2.95253,-0.11121,0.01572,1.63484,1.1896,-1.58,1.06228,0.11697,0.04755,0.02646,-12.56599
0.0,-0.06903,-1.39132,-0.04487,0.94225,1.04656,2.95368,-0.11275,0.01764,1.11099,0.99785,-1.37368,1.06228,-0.28762,0.28033,-0.04909,-12.56599
0.0,-0.06865,-1.39209,-0.04449,0.94148,1.04617,2.95445,-0.11198,0.01726,0.82106,0.37774,-1.69505,1.06343,-0.30833,0.19903,0.01304,-12.56599
0.0,-0.06865,-1.3917,-0.04487,0.94186,1.04771,2.95445,-0.11543,0.01726,1.16314,-0.04909,0.48244,-0.68607,-0.84714,-0.29644,2.04748,-12.56599